reading_id,city_id,recorded_at,aqi,aqi_category,co,no,no2,o3,so2,pm2_5,pm10,nh3,validation_flag
1,1,2026-06-09 08:26:51+00:00,1,Good,85.6,0.04,0.26,34.89,0.11,1.51,3.38,0.3,
2,2,2026-06-09 08:26:54+00:00,1,Good,188.82,0.12,0.92,41.6,0.49,4.96,7.38,1.31,
3,3,2026-06-09 08:26:56+00:00,1,Good,135.16,0.09,1.09,34.36,0.24,4.02,7.18,1.71,
4,4,2026-06-09 08:26:59+00:00,1,Good,78.59,0.03,0.14,45.68,0.07,2.64,4.98,0.08,
5,1,2026-06-09 11:56:36+00:00,1,Good,85.96,0.03,0.16,48.69,0.09,4.06,9.41,0.18,
6,2,2026-06-09 11:56:37+00:00,1,Good,120.28,0.04,0.24,53.01,0.26,4.4,7.44,0.66,
7,3,2026-06-09 11:56:38+00:00,1,Good,115.23,0.02,0.4,46.82,0.13,3.32,5.28,1.04,
8,4,2026-06-09 11:56:40+00:00,1,Good,79.66,0.02,0.12,43.25,0.04,1.74,2.56,0.08,
9,1,2026-06-09 14:46:52+00:00,1,Good,83.11,0.0,0.28,53.43,0.08,3.87,9.79,0.13,
10,2,2026-06-09 14:46:53+00:00,1,Good,107.02,0.02,0.5,51.13,0.26,4.25,9.27,0.69,
11,3,2026-06-09 14:46:54+00:00,1,Good,114.7,0.01,0.78,46.29,0.17,4.98,7.71,1.23,
12,4,2026-06-09 14:46:55+00:00,1,Good,82.11,0.01,0.25,42.18,0.05,1.76,2.52,0.12,
13,1,2026-06-09 17:22:28+00:00,1,Good,85.79,0.0,0.34,54.34,0.08,3.83,9.44,0.15,
14,2,2026-06-09 17:22:29+00:00,1,Good,106.61,0.0,0.71,46.6,0.28,4.27,10.82,0.71,
15,3,2026-06-09 17:22:30+00:00,1,Good,137.2,0.0,1.43,42.57,0.27,7.58,11.91,1.74,
16,4,2026-06-09 17:18:40+00:00,1,Good,83.98,0.0,0.38,39.66,0.06,2.01,3.01,0.16,
17,1,2026-06-09 20:02:09+00:00,1,Good,89.82,0.0,0.46,46.16,0.08,2.73,6.23,0.26,
18,2,2026-06-09 20:02:10+00:00,1,Good,110.45,0.0,0.71,38.92,0.25,4.13,10.05,0.54,
19,3,2026-06-09 20:02:12+00:00,2,Fair,193.68,0.0,2.53,36.32,0.42,10.95,17.87,2.6,
20,4,2026-06-09 20:02:13+00:00,1,Good,86.58,0.0,0.39,34.52,0.07,2.35,3.74,0.15,
21,1,2026-06-09 22:19:42+00:00,1,Good,89.38,0.0,0.47,41.23,0.07,1.82,4.09,0.25,
22,2,2026-06-09 22:19:44+00:00,1,Good,113.28,0.0,0.75,34.54,0.23,4.03,9.04,0.47,
23,3,2026-06-09 22:19:45+00:00,2,Fair,206.54,0.0,2.97,31.41,0.31,11.68,17.88,2.42,
24,4,2026-06-09 22:19:46+00:00,1,Good,85.19,0.0,0.35,31.22,0.05,2.34,3.81,0.11,
25,1,2026-06-10 02:51:40+00:00,1,Good,98.47,0.0,0.51,38.42,0.09,1.29,2.54,0.24,
26,2,2026-06-10 02:51:41+00:00,1,Good,132.22,0.0,0.88,26.45,0.24,4.27,7.81,0.45,
27,3,2026-06-10 02:51:42+00:00,2,Fair,225.67,0.0,3.13,21.65,0.23,12.6,18.97,2.03,
28,4,2026-06-10 02:51:43+00:00,1,Good,83.81,0.0,0.3,20.09,0.03,2.28,3.76,0.12,
29,1,2026-06-10 07:02:53+00:00,1,Good,103.62,0.03,0.45,38.69,0.09,0.97,1.87,0.23,
30,2,2026-06-10 07:05:33+00:00,1,Good,138.42,0.05,1.05,36.52,0.33,3.95,7.47,0.73,
31,3,2026-06-10 07:05:34+00:00,1,Good,185.84,0.13,1.73,39.02,0.29,8.4,13.11,2.14,
32,4,2026-06-10 07:05:35+00:00,1,Good,86.03,0.03,0.27,38.19,0.05,1.96,3.24,0.12,
33,1,2026-06-10 12:17:19+00:00,1,Good,98.22,0.01,0.26,46.34,0.06,1.3,3.34,0.18,
34,2,2026-06-10 12:17:20+00:00,1,Good,110.98,0.02,0.36,44.93,0.23,2.61,5.34,0.55,
35,3,2026-06-10 12:17:22+00:00,1,Good,125.63,0.02,0.57,45.93,0.1,1.78,3.07,0.98,
36,4,2026-06-10 12:17:23+00:00,1,Good,82.18,0.03,0.11,41.35,0.03,2.03,2.47,0.09,
37,1,2026-06-10 17:55:15+00:00,1,Good,92.86,0.0,0.33,54.89,0.06,2.01,5.43,0.17,
38,2,2026-06-10 17:55:17+00:00,1,Good,112.32,0.0,0.92,37.72,0.23,2.52,5.12,0.58,
39,3,2026-06-10 17:55:18+00:00,1,Good,182.69,0.0,2.32,41.08,0.38,8.61,14.0,2.75,
40,4,2026-06-10 17:55:19+00:00,1,Good,75.87,0.0,0.44,42.3,0.07,2.61,3.56,0.14,
41,1,2026-06-10 20:22:52+00:00,1,Good,92.71,0.0,0.39,50.86,0.06,1.4,3.73,0.21,
42,2,2026-06-10 20:22:53+00:00,1,Good,129.03,0.0,1.26,34.37,0.26,3.36,6.22,0.57,
43,3,2026-06-10 20:22:54+00:00,2,Fair,226.86,0.0,3.17,36.24,0.5,12.17,20.05,3.25,
44,4,2026-06-10 20:22:55+00:00,1,Good,73.58,0.0,0.42,39.44,0.07,2.28,3.43,0.13,
45,1,2026-06-10 22:49:50+00:00,1,Good,91.31,0.0,0.42,46.13,0.07,0.99,2.45,0.19,
46,2,2026-06-10 22:49:51+00:00,1,Good,147.36,0.0,1.37,29.43,0.23,3.87,6.08,0.45,
47,3,2026-06-10 22:49:52+00:00,2,Fair,237.6,0.0,3.56,28.41,0.31,14.35,22.33,2.53,
48,4,2026-06-10 22:49:53+00:00,1,Good,70.41,0.0,0.37,32.13,0.05,2.02,3.17,0.09,
49,1,2026-06-11 03:23:56+00:00,1,Good,94.89,0.0,0.51,41.33,0.09,0.76,1.74,0.2,
50,2,2026-06-11 03:23:57+00:00,1,Good,142.33,0.0,1.01,26.16,0.19,3.61,5.53,0.33,
51,3,2026-06-11 03:23:58+00:00,2,Fair,223.05,0.0,3.0,23.49,0.23,15.08,22.59,2.22,
52,4,2026-06-11 03:24:00+00:00,1,Good,70.3,0.0,0.33,25.12,0.03,2.12,3.25,0.08,
53,1,2026-06-11 10:15:16+00:00,1,Good,105.94,0.03,0.15,46.33,0.08,1.89,3.1,0.21,
54,2,2026-06-11 10:15:17+00:00,1,Good,108.38,0.04,0.27,49.24,0.29,2.85,4.54,0.73,
55,3,2026-06-11 10:15:18+00:00,1,Good,137.57,0.05,0.27,55.1,0.17,9.75,12.81,1.35,
56,4,2026-06-11 10:15:19+00:00,1,Good,70.05,0.02,0.1,41.39,0.07,2.63,4.5,0.07,
57,1,2026-06-11 15:45:24+00:00,1,Good,98.08,0.0,0.29,53.85,0.07,2.99,6.34,0.19,
58,2,2026-06-11 15:45:25+00:00,1,Good,97.34,0.0,0.65,47.32,0.25,2.27,3.83,0.57,
59,3,2026-06-11 15:45:26+00:00,2,Fair,139.65,0.01,0.87,54.62,0.16,11.96,15.0,1.27,
60,4,2026-06-11 15:45:27+00:00,1,Good,76.61,0.0,0.45,32.57,0.08,2.45,4.31,0.3,
61,1,2026-06-11 20:14:17+00:00,1,Good,103.09,0.0,0.41,50.52,0.08,2.96,6.01,0.27,
62,2,2026-06-11 20:14:18+00:00,1,Good,105.55,0.0,0.88,43.07,0.32,2.21,4.49,0.6,
63,3,2026-06-11 20:14:19+00:00,2,Fair,212.63,0.0,2.54,46.9,0.48,17.22,24.31,3.06,
64,4,2026-06-11 20:14:20+00:00,1,Good,80.06,0.0,0.61,27.08,0.07,2.89,5.1,0.28,
65,1,2026-06-11 22:48:37+00:00,1,Good,102.79,0.0,0.48,47.19,0.08,2.26,4.27,0.28,
66,2,2026-06-11 22:48:39+00:00,1,Good,107.82,0.0,0.82,37.48,0.25,2.39,4.14,0.49,
67,3,2026-06-11 22:48:40+00:00,2,Fair,231.59,0.0,3.01,38.32,0.31,18.98,24.36,2.6,
68,4,2026-06-11 22:48:41+00:00,1,Good,78.77,0.0,0.55,16.76,0.03,3.23,5.4,0.16,
69,1,2026-06-12 02:58:47+00:00,1,Good,106.16,0.0,0.49,44.07,0.09,1.86,3.19,0.25,
70,2,2026-06-12 02:58:48+00:00,1,Good,146.83,0.0,1.32,28.63,0.31,4.13,7.53,0.75,
71,3,2026-06-12 02:58:50+00:00,2,Fair,221.07,0.0,2.51,30.29,0.19,18.44,23.79,1.45,
72,4,2026-06-12 02:58:51+00:00,1,Good,77.31,0.0,0.41,11.53,0.02,3.54,5.61,0.13,
73,1,2026-06-12 07:26:11+00:00,1,Good,111.53,0.04,0.36,43.46,0.09,1.49,2.38,0.27,
74,2,2026-06-12 07:26:12+00:00,1,Good,108.53,0.07,0.57,46.13,0.33,3.43,6.45,0.89,
75,3,2026-06-12 07:26:13+00:00,2,Fair,184.89,0.08,1.43,45.73,0.29,11.46,16.32,1.9,
76,4,2026-06-12 07:26:15+00:00,1,Good,74.0,0.03,0.26,27.33,0.04,2.55,4.96,0.19,
77,1,2026-06-12 12:14:45+00:00,1,Good,103.32,0.03,0.2,45.17,0.08,2.37,3.31,0.25,
78,2,2026-06-12 12:14:46+00:00,1,Good,94.84,0.04,0.25,47.97,0.29,3.63,6.29,0.8,
79,3,2026-06-12 12:14:47+00:00,1,Good,133.85,0.01,0.46,49.0,0.1,1.94,2.96,0.93,
80,4,2026-06-12 12:14:48+00:00,1,Good,70.28,0.02,0.16,44.38,0.05,1.93,4.1,0.1,
81,1,2026-06-12 17:35:01+00:00,1,Good,100.69,0.0,0.38,45.24,0.1,1.77,3.24,0.35,
82,2,2026-06-12 17:35:02+00:00,1,Good,161.24,0.0,2.03,41.57,0.62,4.73,7.57,1.6,
83,3,2026-06-12 17:35:03+00:00,1,Good,164.7,0.0,1.11,49.35,0.19,4.37,6.68,1.56,
84,4,2026-06-12 17:35:04+00:00,1,Good,76.8,0.0,0.55,41.24,0.06,2.04,3.35,0.17,
85,1,2026-06-12 20:02:34+00:00,1,Good,100.52,0.0,0.51,43.6,0.1,1.26,2.44,0.36,
86,2,2026-06-12 20:02:35+00:00,1,Good,163.04,0.0,2.11,32.89,0.58,4.61,8.3,1.5,
87,3,2026-06-12 20:02:36+00:00,2,Fair,249.9,0.0,3.09,42.06,0.48,13.05,20.34,3.03,
88,4,2026-06-12 20:02:37+00:00,1,Good,76.3,0.0,0.52,38.98,0.07,1.78,3.34,0.18,
89,1,2026-06-12 22:21:37+00:00,1,Good,100.09,0.0,0.59,43.83,0.1,1.41,2.82,0.39,
90,2,2026-06-12 22:21:39+00:00,1,Good,144.66,0.0,1.55,33.29,0.39,3.71,5.98,0.7,
91,3,2026-06-12 22:21:40+00:00,2,Fair,224.88,0.0,2.7,39.22,0.26,12.57,18.58,1.93,
92,4,2026-06-12 22:21:41+00:00,1,Good,74.7,0.0,0.46,39.53,0.06,1.55,2.85,0.09,
93,1,2026-06-13 02:51:03+00:00,1,Good,95.1,0.0,0.55,43.97,0.11,1.69,3.3,0.4,
94,2,2026-06-13 02:51:04+00:00,1,Good,98.83,0.0,0.6,33.93,0.16,1.89,2.96,0.3,
95,3,2026-06-13 02:51:05+00:00,1,Good,160.53,0.0,1.51,36.45,0.12,7.73,10.49,1.27,
96,4,2026-06-13 02:51:06+00:00,1,Good,74.57,0.0,0.31,32.3,0.05,1.78,3.84,0.08,
97,1,2026-06-13 06:55:17+00:00,1,Good,84.01,0.02,0.28,44.88,0.1,1.66,3.17,0.36,
98,2,2026-06-13 06:55:18+00:00,1,Good,110.98,0.05,0.73,38.39,0.24,2.09,3.2,0.4,
99,3,2026-06-13 06:55:19+00:00,1,Good,109.37,0.07,0.55,43.06,0.1,1.96,3.12,0.85,
100,4,2026-06-13 06:55:21+00:00,1,Good,78.42,0.02,0.27,49.69,0.08,1.97,4.45,0.05,
101,1,2026-06-13 11:11:24+00:00,1,Good,81.36,0.02,0.14,47.64,0.08,2.28,4.0,0.28,
102,2,2026-06-13 11:11:25+00:00,1,Good,101.97,0.03,0.28,52.28,0.22,1.64,2.3,0.38,
103,3,2026-06-13 11:11:26+00:00,1,Good,105.76,0.03,0.27,47.63,0.08,1.9,2.65,0.68,
104,4,2026-06-13 11:11:27+00:00,1,Good,77.19,0.01,0.14,59.03,0.04,1.06,1.74,0.02,
105,1,2026-06-13 13:48:18+00:00,1,Good,83.59,0.02,0.18,49.47,0.08,2.82,4.92,0.3,
106,2,2026-06-13 13:48:19+00:00,1,Good,102.9,0.01,0.54,54.12,0.25,1.4,2.28,0.64,
107,3,2026-06-13 13:48:21+00:00,1,Good,90.4,0.04,0.25,49.36,0.08,5.09,6.6,0.64,
108,4,2026-06-13 13:48:22+00:00,1,Good,79.48,0.01,0.21,51.73,0.07,1.41,2.89,0.08,
109,1,2026-06-13 16:11:30+00:00,1,Good,83.81,0.0,0.25,50.25,0.08,2.62,4.83,0.31,
110,2,2026-06-13 16:11:31+00:00,1,Good,110.72,0.0,0.87,52.87,0.28,1.78,2.75,0.58,
111,3,2026-06-13 16:11:32+00:00,1,Good,95.66,0.01,0.57,48.8,0.1,5.64,7.54,0.85,
112,4,2026-06-13 16:11:33+00:00,1,Good,80.18,0.0,0.33,48.03,0.08,1.72,3.57,0.14,
113,1,2026-06-13 19:17:19+00:00,1,Good,83.01,0.0,0.33,48.84,0.09,2.21,4.05,0.36,
114,2,2026-06-13 19:17:20+00:00,1,Good,123.4,0.0,1.02,47.54,0.26,2.09,3.22,0.44,
115,3,2026-06-13 19:17:21+00:00,1,Good,117.85,0.0,1.11,44.92,0.2,7.08,10.14,1.61,
116,4,2026-06-13 19:17:22+00:00,1,Good,82.49,0.0,0.4,43.44,0.08,2.11,4.47,0.15,
117,1,2026-06-13 21:58:44+00:00,1,Good,81.81,0.0,0.4,48.11,0.1,1.87,3.53,0.35,
118,2,2026-06-13 21:58:45+00:00,1,Good,126.64,0.0,0.92,43.84,0.26,2.4,4.2,0.43,
119,3,2026-06-13 21:58:46+00:00,1,Good,131.05,0.0,1.73,37.43,0.16,7.8,11.21,1.79,
120,4,2026-06-13 21:58:48+00:00,1,Good,81.62,0.0,0.42,32.99,0.05,2.26,4.71,0.12,
121,1,2026-06-14 03:27:35+00:00,1,Good,83.54,0.0,0.39,45.54,0.09,1.24,2.49,0.29,
122,2,2026-06-14 03:27:36+00:00,1,Good,138.04,0.0,0.93,35.7,0.23,3.35,5.75,0.45,
123,3,2026-06-14 03:27:37+00:00,1,Good,108.44,0.0,1.05,38.4,0.1,5.07,7.12,1.14,
124,4,2026-06-14 03:27:39+00:00,1,Good,79.18,0.0,0.32,25.62,0.03,2.43,4.97,0.09,
125,1,2026-06-14 09:25:19+00:00,1,Good,80.11,0.02,0.11,47.67,0.07,0.99,1.84,0.24,
126,2,2026-06-14 09:25:20+00:00,1,Good,109.28,0.04,0.22,58.83,0.36,3.05,7.49,0.75,
127,3,2026-06-14 09:25:21+00:00,1,Good,95.12,0.05,0.29,43.44,0.12,2.81,4.58,0.94,
128,4,2026-06-14 09:25:22+00:00,1,Good,73.74,0.02,0.16,49.59,0.09,2.06,4.62,0.03,
129,1,2026-06-14 13:50:22+00:00,1,Good,82.68,0.01,0.19,53.41,0.07,1.38,2.22,0.24,
130,2,2026-06-14 13:50:23+00:00,1,Good,108.52,0.05,0.36,53.93,0.35,3.83,8.25,0.86,
131,3,2026-06-14 13:50:24+00:00,1,Good,88.54,0.03,0.35,49.1,0.08,4.31,6.28,0.69,
132,4,2026-06-14 13:50:26+00:00,1,Good,74.24,0.01,0.24,47.67,0.06,1.75,3.49,0.1,
133,1,2026-06-14 16:18:26+00:00,1,Good,82.87,0.0,0.22,55.99,0.07,1.43,2.31,0.25,
134,2,2026-06-14 16:18:27+00:00,1,Good,118.81,0.0,0.88,52.02,0.43,4.25,10.11,1.22,
135,3,2026-06-14 16:18:28+00:00,1,Good,96.8,0.01,0.64,48.64,0.12,5.35,7.84,0.97,
136,4,2026-06-14 16:18:30+00:00,1,Good,75.31,0.0,0.38,43.56,0.08,2.07,4.15,0.17,
137,1,2026-06-14 19:17:26+00:00,1,Good,85.81,0.0,0.27,57.83,0.08,1.57,2.57,0.3,
138,2,2026-06-14 19:17:27+00:00,1,Good,148.51,0.0,1.53,40.76,0.51,4.7,11.69,1.31,
139,3,2026-06-14 19:17:29+00:00,1,Good,121.97,0.0,1.24,43.18,0.23,6.82,10.53,1.64,
140,4,2026-06-14 19:17:30+00:00,1,Good,76.33,0.0,0.46,37.3,0.07,2.28,4.53,0.15,
141,1,2026-06-14 22:03:26+00:00,1,Good,89.32,0.0,0.36,56.8,0.09,1.58,2.74,0.33,
142,2,2026-06-14 22:04:55+00:00,1,Good,160.2,0.0,1.54,33.14,0.43,4.78,11.82,0.95,
143,3,2026-06-14 22:04:56+00:00,1,Good,134.84,0.0,1.68,37.14,0.18,7.69,11.66,1.67,
144,4,2026-06-14 22:04:58+00:00,1,Good,74.97,0.0,0.42,28.8,0.05,2.17,4.28,0.13,
145,1,2026-06-15 03:37:10+00:00,1,Good,90.87,0.0,0.39,53.29,0.09,1.51,2.78,0.31,
146,2,2026-06-15 03:37:11+00:00,1,Good,132.46,0.0,1.13,35.93,0.36,3.8,8.84,0.72,
147,3,2026-06-15 03:37:12+00:00,1,Good,130.69,0.0,1.29,37.51,0.17,4.44,6.74,1.37,
148,4,2026-06-15 03:37:14+00:00,1,Good,76.66,0.0,0.39,20.66,0.04,2.21,3.74,0.11,
149,1,2026-06-15 11:53:56+00:00,1,Good,79.09,0.01,0.14,57.89,0.08,1.77,2.86,0.21,
150,2,2026-06-15 11:53:57+00:00,1,Good,112.66,0.03,0.33,55.99,0.45,3.85,7.59,1.11,
151,3,2026-06-15 11:53:59+00:00,1,Good,102.21,0.05,0.25,52.26,0.15,3.61,5.15,1.0,
152,4,2026-06-15 11:54:00+00:00,1,Good,70.32,0.02,0.1,50.02,0.04,1.83,3.15,0.07,
153,1,2026-06-15 17:02:52+00:00,2,Fair,80.92,0.0,0.28,65.46,0.09,1.75,2.98,0.36,
154,2,2026-06-15 17:07:20+00:00,1,Good,151.45,0.0,1.26,47.53,0.61,7.35,15.86,1.66,
155,3,2026-06-15 17:07:21+00:00,1,Good,124.68,0.0,1.29,48.92,0.26,7.31,10.73,1.72,
156,4,2026-06-15 17:07:22+00:00,1,Good,81.82,0.0,0.51,29.32,0.08,2.92,5.13,0.42,
157,1,2026-06-15 20:50:09+00:00,2,Fair,84.76,0.0,0.44,60.36,0.09,1.85,3.19,0.4,
158,2,2026-06-15 20:50:10+00:00,1,Good,183.85,0.0,1.94,33.46,0.62,7.09,16.91,1.59,
159,3,2026-06-15 20:50:12+00:00,1,Good,158.19,0.0,2.07,41.56,0.27,9.11,14.0,2.15,
160,4,2026-06-15 20:50:13+00:00,1,Good,84.12,0.0,0.6,24.35,0.07,3.31,6.11,0.26,
161,1,2026-06-15 22:59:40+00:00,1,Good,85.15,0.0,0.5,53.65,0.09,1.89,3.34,0.37,
162,2,2026-06-15 22:59:41+00:00,1,Good,184.11,0.0,1.81,29.85,0.56,6.93,15.79,1.41,
163,3,2026-06-15 22:59:42+00:00,1,Good,156.64,0.0,2.05,37.31,0.19,9.01,13.52,1.99,
164,4,2026-06-15 22:59:43+00:00,1,Good,81.71,0.0,0.56,22.28,0.05,3.26,6.06,0.18,
165,1,2026-06-16 03:33:43+00:00,1,Good,87.86,0.0,0.57,45.07,0.12,2.15,4.03,0.37,
166,2,2026-06-16 03:33:44+00:00,1,Good,168.53,0.0,1.59,28.4,0.5,6.25,11.73,1.46,
167,3,2026-06-16 03:33:46+00:00,1,Good,143.43,0.0,1.65,39.23,0.19,6.23,9.55,1.63,
168,4,2026-06-16 03:33:47+00:00,1,Good,79.34,0.0,0.36,24.29,0.05,2.93,5.29,0.15,
169,1,2026-06-16 11:01:55+00:00,1,Good,73.36,0.02,0.09,54.0,0.08,2.35,3.59,0.22,
170,2,2026-06-16 11:01:57+00:00,1,Good,101.91,0.04,0.21,46.73,0.26,3.48,5.32,0.65,
171,3,2026-06-16 11:01:58+00:00,2,Fair,109.94,0.05,0.32,62.76,0.22,3.9,5.81,1.23,
172,4,2026-06-16 11:01:59+00:00,1,Good,74.48,0.02,0.08,40.09,0.04,2.16,3.68,0.08,
173,1,2026-06-16 16:39:32+00:00,1,Good,72.45,0.0,0.23,52.79,0.09,1.34,2.4,0.27,
174,2,2026-06-16 16:40:50+00:00,1,Good,156.1,0.0,1.19,33.49,0.34,4.81,6.57,0.75,
175,3,2026-06-16 16:40:51+00:00,1,Good,125.25,0.0,1.36,56.66,0.28,9.06,13.0,1.96,
176,4,2026-06-16 16:40:52+00:00,1,Good,83.69,0.0,0.69,29.71,0.06,2.59,4.82,0.35,
177,1,2026-06-16 20:44:12+00:00,1,Good,81.65,0.0,0.44,44.55,0.09,1.46,2.53,0.33,
178,2,2026-06-16 20:44:13+00:00,1,Good,156.27,0.0,1.25,26.82,0.31,4.71,6.96,0.61,
179,3,2026-06-16 20:44:14+00:00,2,Fair,140.82,0.0,1.66,52.96,0.25,10.15,15.43,2.07,
180,4,2026-06-16 20:44:16+00:00,1,Good,85.09,0.0,0.71,26.5,0.06,2.72,5.11,0.16,
181,1,2026-06-16 22:46:43+00:00,1,Good,84.6,0.0,0.5,41.4,0.09,1.66,2.8,0.3,
182,2,2026-06-16 22:51:15+00:00,1,Good,132.28,0.0,0.93,27.35,0.24,3.91,6.2,0.51,
183,3,2026-06-16 22:51:16+00:00,1,Good,129.58,0.0,1.44,52.6,0.17,9.59,14.46,1.7,
184,4,2026-06-16 22:51:18+00:00,1,Good,82.21,0.0,0.61,22.8,0.05,2.94,5.7,0.11,
185,1,2026-06-17 03:28:52+00:00,1,Good,85.7,0.0,0.46,37.74,0.08,1.62,2.71,0.25,
186,2,2026-06-17 03:31:23+00:00,1,Good,124.17,0.0,0.98,28.16,0.27,3.73,6.16,0.61,
187,3,2026-06-17 03:31:24+00:00,1,Good,113.47,0.0,1.16,48.7,0.2,5.27,8.27,1.56,
188,4,2026-06-17 03:31:26+00:00,1,Good,84.13,0.0,0.47,16.7,0.05,3.75,7.2,0.14,
189,1,2026-06-17 10:46:07+00:00,1,Good,70.51,0.01,0.11,39.93,0.07,0.85,1.29,0.15,
190,2,2026-06-17 10:46:09+00:00,1,Good,123.07,0.03,0.48,45.11,0.35,2.96,4.54,0.83,
191,3,2026-06-17 10:46:10+00:00,1,Good,81.88,0.03,0.17,53.58,0.12,2.72,3.74,0.73,
192,4,2026-06-17 10:46:11+00:00,1,Good,76.47,0.02,0.1,44.21,0.06,2.53,4.36,0.08,
193,1,2026-06-17 15:13:31+00:00,1,Good,71.17,0.01,0.2,41.25,0.07,0.73,1.2,0.19,
194,2,2026-06-17 15:13:32+00:00,1,Good,137.07,0.01,1.03,42.04,0.38,3.55,6.19,1.07,
195,3,2026-06-17 15:13:33+00:00,1,Good,95.13,0.07,0.52,54.16,0.17,6.58,8.44,1.13,
196,4,2026-06-17 15:13:34+00:00,1,Good,80.21,0.02,0.32,40.34,0.07,3.27,5.32,0.18,
197,1,2026-06-17 20:06:39+00:00,1,Good,78.55,0.0,0.38,40.59,0.09,1.03,2.05,0.33,
198,2,2026-06-17 20:06:40+00:00,1,Good,128.74,0.0,1.14,32.95,0.31,3.1,5.86,0.67,
199,3,2026-06-17 20:06:42+00:00,2,Fair,216.67,0.0,3.18,39.5,0.57,12.16,19.17,3.97,
200,4,2026-06-17 20:06:43+00:00,1,Good,82.45,0.0,0.54,35.3,0.07,2.49,4.28,0.19,
201,1,2026-06-17 22:43:05+00:00,1,Good,84.92,0.0,0.52,38.89,0.1,1.32,2.8,0.36,
202,2,2026-06-17 22:43:06+00:00,1,Good,140.91,0.0,1.2,28.32,0.29,3.8,6.87,0.55,
203,3,2026-06-17 22:43:08+00:00,2,Fair,216.32,0.0,3.23,34.99,0.38,12.42,18.96,3.42,
204,4,2026-06-17 22:43:09+00:00,1,Good,80.58,0.0,0.45,27.53,0.05,2.72,5.0,0.11,
205,1,2026-06-18 02:58:59+00:00,1,Good,91.49,0.0,0.55,37.08,0.1,1.44,3.07,0.34,
206,2,2026-06-18 02:59:00+00:00,1,Good,138.24,0.0,1.06,28.28,0.24,3.91,6.37,0.45,
207,3,2026-06-18 02:59:02+00:00,2,Fair,202.81,0.0,2.81,27.58,0.21,11.97,17.23,1.84,
208,4,2026-06-18 02:59:03+00:00,1,Good,80.92,0.0,0.39,20.24,0.03,3.24,5.72,0.11,
209,1,2026-06-18 08:07:33+00:00,1,Good,89.55,0.03,0.2,39.42,0.1,1.24,2.36,0.34,
210,2,2026-06-18 08:11:43+00:00,1,Good,110.78,0.06,0.26,47.25,0.33,3.2,6.08,0.78,
211,3,2026-06-18 08:11:44+00:00,2,Fair,186.6,0.13,0.76,54.63,0.37,11.82,16.4,2.68,
212,4,2026-06-18 08:11:45+00:00,1,Good,77.88,0.04,0.15,36.97,0.08,3.27,5.6,0.09,
213,1,2026-06-18 12:20:18+00:00,1,Good,81.76,0.03,0.11,41.02,0.08,1.57,2.37,0.23,
214,2,2026-06-18 12:20:19+00:00,1,Good,123.28,0.05,0.3,48.43,0.38,5.05,7.23,0.87,
215,3,2026-06-18 12:20:20+00:00,2,Fair,154.05,0.06,0.42,63.29,0.16,6.3,7.33,1.45,
216,4,2026-06-18 12:20:21+00:00,1,Good,75.29,0.02,0.09,40.3,0.04,2.28,3.27,0.06,
217,1,2026-06-18 17:57:18+00:00,1,Good,88.43,0.0,0.28,44.41,0.1,2.05,4.29,0.31,
218,2,2026-06-18 17:57:20+00:00,1,Good,118.76,0.0,0.84,37.39,0.32,3.32,5.49,0.7,
219,3,2026-06-18 17:57:21+00:00,1,Good,132.28,0.0,1.56,41.01,0.25,5.47,8.0,1.82,
220,4,2026-06-18 17:57:22+00:00,1,Good,84.27,0.0,0.49,35.47,0.07,3.22,4.78,0.21,
221,1,2026-06-18 20:26:24+00:00,1,Good,92.97,0.0,0.33,44.21,0.1,2.13,4.51,0.35,
222,2,2026-06-18 20:26:25+00:00,1,Good,127.0,0.0,1.04,32.86,0.33,3.6,6.37,0.64,
223,3,2026-06-18 20:26:27+00:00,1,Good,170.48,0.0,2.3,37.27,0.4,7.89,12.36,2.8,
224,4,2026-06-18 20:26:28+00:00,1,Good,84.78,0.0,0.51,34.05,0.07,3.15,4.96,0.14,
225,1,2026-06-18 22:53:59+00:00,1,Good,98.12,0.0,0.4,43.16,0.11,2.3,4.58,0.34,
226,2,2026-06-18 22:54:00+00:00,1,Good,135.86,0.0,1.14,30.08,0.31,4.27,7.56,0.53,
227,3,2026-06-18 22:54:02+00:00,1,Good,187.98,0.0,2.77,31.61,0.36,9.15,14.05,3.66,
228,4,2026-06-18 22:54:03+00:00,1,Good,80.66,0.0,0.44,29.07,0.05,3.05,5.23,0.11,
229,1,2026-06-19 03:45:42+00:00,1,Good,103.72,0.0,0.57,39.19,0.12,2.74,4.84,0.36,
230,2,2026-06-19 03:45:43+00:00,1,Good,151.56,0.0,1.26,26.89,0.33,5.13,9.54,0.68,
231,3,2026-06-19 03:45:44+00:00,2,Fair,243.07,0.01,3.69,22.63,0.39,11.75,16.94,2.93,
232,4,2026-06-19 03:45:45+00:00,1,Good,80.37,0.0,0.4,24.06,0.04,3.29,5.79,0.12,
233,1,2026-06-19 10:18:35+00:00,1,Good,92.33,0.02,0.15,45.15,0.12,3.06,4.89,0.36,
234,2,2026-06-19 10:18:36+00:00,2,Fair,148.67,0.06,0.33,62.78,0.65,6.55,12.23,1.68,
235,3,2026-06-19 10:18:37+00:00,1,Good,132.93,0.06,0.27,52.94,0.19,7.76,10.16,1.49,
236,4,2026-06-19 10:18:39+00:00,1,Good,77.09,0.02,0.11,48.85,0.07,2.89,4.96,0.07,
237,1,2026-06-19 14:43:47+00:00,1,Good,92.48,0.02,0.23,47.89,0.1,3.51,6.78,0.26,
238,2,2026-06-19 14:52:26+00:00,1,Good,122.56,0.02,0.58,54.9,0.41,5.01,8.33,1.12,
239,3,2026-06-19 14:52:27+00:00,1,Good,119.58,0.05,0.58,54.65,0.16,8.62,10.74,1.15,
240,4,2026-06-19 14:52:28+00:00,1,Good,83.74,0.02,0.32,43.92,0.07,3.64,5.54,0.17,
241,1,2026-06-19 17:14:07+00:00,1,Good,95.57,0.0,0.28,47.44,0.1,3.53,7.24,0.28,
242,2,2026-06-19 17:14:08+00:00,1,Good,120.74,0.0,0.82,47.77,0.38,3.75,6.64,0.92,
243,3,2026-06-19 17:14:09+00:00,2,Fair,139.16,0.0,1.28,51.04,0.26,10.25,13.47,1.7,
244,4,2026-06-19 17:14:11+00:00,1,Good,85.13,0.0,0.51,41.66,0.08,3.3,4.82,0.19,
245,1,2026-06-19 19:41:50+00:00,1,Good,99.7,0.0,0.4,45.14,0.12,3.34,6.92,0.41,
246,2,2026-06-19 19:41:51+00:00,1,Good,130.56,0.0,1.07,39.48,0.39,3.43,6.58,0.78,
247,3,2026-06-19 19:41:52+00:00,2,Fair,184.27,0.0,2.16,43.76,0.39,12.81,18.21,2.49,
248,4,2026-06-19 19:41:54+00:00,1,Good,86.87,0.0,0.51,39.1,0.09,3.07,4.94,0.13,
249,1,2026-06-19 22:00:50+00:00,1,Good,102.09,0.0,0.53,43.2,0.13,3.1,6.43,0.51,
250,2,2026-06-19 22:00:52+00:00,1,Good,136.67,0.0,1.14,37.05,0.4,3.64,7.2,0.71,
251,3,2026-06-19 22:00:53+00:00,2,Fair,187.76,0.0,2.46,38.39,0.29,13.2,18.43,2.6,
252,4,2026-06-19 22:00:54+00:00,1,Good,84.81,0.0,0.45,36.69,0.07,3.08,5.27,0.09,
253,1,2026-06-20 02:42:12+00:00,1,Good,99.38,0.0,0.5,41.9,0.11,2.71,5.58,0.39,
254,2,2026-06-20 02:49:38+00:00,1,Good,142.93,0.0,1.08,31.74,0.3,4.04,6.74,0.47,
255,3,2026-06-20 02:49:40+00:00,1,Good,168.35,0.0,2.05,33.28,0.14,7.89,10.71,1.46,
256,4,2026-06-20 02:49:41+00:00,1,Good,82.49,0.0,0.33,30.05,0.04,3.17,5.34,0.07,
257,1,2026-06-20 06:57:03+00:00,1,Good,91.21,0.02,0.31,43.76,0.1,2.25,4.72,0.32,
258,2,2026-06-20 06:57:58+00:00,1,Good,114.27,0.03,0.64,45.02,0.37,3.51,7.42,0.78,
259,3,2026-06-20 06:58:00+00:00,1,Good,134.11,0.06,0.95,44.23,0.17,3.25,4.68,1.12,
260,4,2026-06-20 06:58:01+00:00,1,Good,83.24,0.03,0.17,44.19,0.09,3.4,6.71,0.11,
261,9,2026-06-20 06:58:02+00:00,1,Good,116.27,0.04,0.83,35.36,0.2,2.17,4.81,0.74,
262,10,2026-06-20 06:58:03+00:00,1,Good,78.81,0.02,0.12,51.84,0.04,2.77,4.57,0.22,
263,11,2026-06-20 06:58:04+00:00,1,Good,79.61,0.02,0.4,42.36,0.04,1.71,2.69,0.13,
264,12,2026-06-20 06:58:05+00:00,2,Fair,171.95,0.11,0.66,51.15,0.3,12.12,15.99,1.4,
265,13,2026-06-20 06:58:06+00:00,1,Good,148.16,0.07,0.54,46.23,0.13,7.25,8.37,0.85,
266,14,2026-06-20 06:58:08+00:00,1,Good,199.97,0.05,0.64,35.18,0.14,3.89,5.49,1.2,
267,15,2026-06-20 06:58:09+00:00,3,Moderate,642.44,0.22,1.43,63.21,1.48,44.58,65.87,9.11,
268,16,2026-06-20 06:58:10+00:00,1,Good,69.68,0.01,0.1,37.35,0.04,1.49,5.23,0.27,
269,17,2026-06-20 06:58:11+00:00,1,Good,62.65,0.0,0.02,49.93,0.13,1.43,5.15,0.01,
270,18,2026-06-20 06:58:12+00:00,2,Fair,86.84,0.03,0.14,57.71,0.25,11.14,41.82,0.08,
271,19,2026-06-20 06:58:13+00:00,3,Moderate,98.17,0.03,0.21,78.86,0.69,20.76,73.2,0.35,
272,20,2026-06-20 06:58:14+00:00,2,Fair,140.62,0.09,0.61,20.59,0.1,11.03,21.32,0.22,
273,21,2026-06-20 06:58:16+00:00,1,Good,147.22,0.06,0.42,45.19,2.86,5.73,8.45,0.73,
274,22,2026-06-20 06:58:17+00:00,2,Fair,175.49,0.1,0.61,33.22,0.26,11.05,16.16,0.88,
275,23,2026-06-20 06:58:18+00:00,2,Fair,138.57,0.08,0.43,21.52,0.11,10.8,22.29,0.29,
276,24,2026-06-20 06:58:19+00:00,1,Good,119.27,0.07,0.5,11.82,0.06,3.31,4.47,0.03,
277,25,2026-06-20 06:58:20+00:00,1,Good,132.54,0.0,0.07,53.62,0.13,6.57,14.03,0.07,
278,26,2026-06-20 06:58:21+00:00,1,Good,93.52,0.0,0.02,5.26,0.01,1.1,1.17,0.02,
279,27,2026-06-20 06:58:22+00:00,1,Good,186.74,0.13,0.6,29.58,0.13,9.4,17.77,0.98,
280,28,2026-06-20 06:58:24+00:00,2,Fair,124.04,0.01,0.19,55.07,0.18,9.84,26.19,0.15,
281,29,2026-06-20 06:58:25+00:00,1,Good,129.79,0.0,0.06,52.98,0.14,5.63,13.7,0.05,
