reading_id,city_id,recorded_at,temperature_c,feels_like_c,temp_min_c,temp_max_c,humidity_pct,pressure_hpa,wind_speed_ms,wind_deg,cloudiness_pct,visibility_m,weather_main,weather_description,validation_flag
1,1,2026-06-09 08:24:26+00:00,20.11,19.85,20.11,20.11,64.0,1019.0,2.32,77,96,10000,Clouds,overcast clouds,
2,2,2026-06-09 08:21:53+00:00,27.48,29.91,27.48,27.48,72.0,1018.0,5.97,164,89,10000,Rain,light rain,
3,3,2026-06-09 08:26:36+00:00,27.6,27.86,27.6,27.6,48.0,1015.0,3.51,165,96,10000,Clouds,overcast clouds,
4,4,2026-06-09 08:23:08+00:00,28.12,30.11,28.12,28.12,64.0,1018.0,3.78,119,55,10000,Rain,light rain,
5,1,2026-06-09 09:18:30+00:00,21.8,21.52,21.8,21.8,57.0,1018.0,2.61,94,80,10000,Clouds,broken clouds,
6,2,2026-06-09 09:18:31+00:00,28.1,30.72,28.1,28.1,69.0,1017.0,6.32,161,92,10000,Rain,light rain,
7,3,2026-06-09 09:18:33+00:00,28.31,28.34,28.31,28.31,45.0,1014.0,3.58,160,96,10000,Clouds,overcast clouds,
8,4,2026-06-09 09:18:34+00:00,28.23,30.17,28.23,28.23,63.0,1017.0,4.5,119,63,10000,Rain,light rain,
9,1,2026-06-09 12:08:24+00:00,24.07,23.68,24.07,24.07,44.0,1015.0,2.96,115,69,10000,Clouds,broken clouds,
10,2,2026-06-09 12:08:25+00:00,27.79,30.03,27.79,27.79,68.0,1014.0,6.68,158,76,10000,Clouds,broken clouds,
11,3,2026-06-09 12:08:26+00:00,28.57,28.52,28.57,28.57,44.0,1011.0,4.02,170,95,10000,Clouds,overcast clouds,
12,4,2026-06-09 12:08:27+00:00,28.82,30.17,28.82,28.82,56.0,1015.0,4.36,133,60,10000,Clouds,broken clouds,
13,1,2026-06-09 16:00:00+00:00,18.63,18.48,18.63,18.63,74.0,1017.0,3.1,115,63,10000,Rain,light rain,
14,2,2026-06-09 16:00:01+00:00,25.41,26.04,25.41,25.41,78.0,1016.0,4.97,158,54,10000,Clouds,broken clouds,
15,3,2026-06-09 16:06:59+00:00,21.88,22.0,21.88,21.88,72.0,1013.0,1.88,143,99,10000,Clouds,overcast clouds,
16,4,2026-06-09 15:58:23+00:00,24.58,25.1,24.58,24.58,77.0,1016.0,3.0,137,20,10000,Clouds,few clouds,
17,1,2026-06-09 19:19:43+00:00,17.02,16.87,17.02,17.02,80.0,1019.0,2.74,77,80,10000,Clouds,broken clouds,
18,2,2026-06-09 19:19:44+00:00,25.06,25.63,25.06,25.06,77.0,1017.0,5.49,159,20,10000,Clouds,few clouds,
19,3,2026-06-09 19:19:00+00:00,20.43,20.62,20.43,20.43,80.0,1013.0,1.16,176,88,10000,Clouds,overcast clouds,
20,4,2026-06-09 19:19:01+00:00,23.47,24.04,23.47,23.47,83.0,1017.0,2.48,142,17,10000,Clouds,few clouds,
21,1,2026-06-09 21:50:49+00:00,14.67,14.59,14.67,14.67,92.0,1019.0,2.17,57,89,10000,Clouds,overcast clouds,
22,2,2026-06-09 21:50:50+00:00,24.51,25.08,24.51,24.51,79.0,1016.0,4.95,167,59,10000,Clouds,broken clouds,
23,3,2026-06-09 21:50:51+00:00,18.95,19.04,18.95,18.95,82.0,1013.0,0.4,188,72,10000,Clouds,broken clouds,
24,4,2026-06-09 21:50:52+00:00,22.86,23.5,22.86,22.86,88.0,1016.0,2.48,131,42,10000,Rain,light rain,
25,1,2026-06-09 23:20:08+00:00,14.44,14.39,14.44,14.44,94.0,1018.0,1.75,50,91,10000,Clouds,overcast clouds,
26,2,2026-06-09 23:20:09+00:00,24.26,24.88,24.26,24.26,82.0,1015.0,4.86,168,67,10000,Clouds,broken clouds,
27,3,2026-06-09 23:20:10+00:00,18.82,18.85,18.82,18.82,80.0,1012.0,0.67,163,75,10000,Clouds,broken clouds,
28,4,2026-06-09 23:20:11+00:00,22.86,23.5,22.86,22.86,88.0,1016.0,2.72,130,47,10000,Clouds,scattered clouds,
29,1,2026-06-10 04:02:52+00:00,15.24,15.2,15.24,15.24,91.0,1019.0,2.27,72,100,10000,Clouds,overcast clouds,
30,2,2026-06-10 04:09:58+00:00,24.31,24.91,24.31,24.31,81.0,1016.0,4.37,175,98,10000,Clouds,overcast clouds,
31,3,2026-06-10 04:10:00+00:00,18.64,18.91,18.64,18.64,90.0,1014.0,0.65,134,99,10000,Clouds,overcast clouds,
32,4,2026-06-10 04:10:01+00:00,22.54,23.17,22.54,22.54,89.0,1017.0,2.09,168,83,10000,Clouds,broken clouds,
33,1,2026-06-10 08:53:10+00:00,21.97,21.68,21.97,21.97,56.0,1017.0,3.11,90,92,10000,Clouds,overcast clouds,
34,2,2026-06-10 08:53:12+00:00,28.14,30.14,28.14,28.14,64.0,1016.0,6.12,155,89,10000,Clouds,overcast clouds,
35,3,2026-06-10 08:51:43+00:00,28.68,28.46,28.68,28.68,42.0,1013.0,3.26,162,100,10000,Clouds,overcast clouds,
36,4,2026-06-10 08:53:14+00:00,28.37,30.01,28.37,28.37,60.0,1016.0,4.18,133,78,10000,Clouds,broken clouds,
37,1,2026-06-10 12:24:02+00:00,24.2,23.82,24.2,24.2,44.0,1014.0,3.76,91,90,10000,Clouds,overcast clouds,
38,2,2026-06-10 12:26:43+00:00,27.65,29.56,27.65,27.65,66.0,1014.0,6.05,149,88,10000,Clouds,overcast clouds,
39,3,2026-06-10 12:26:44+00:00,28.71,28.49,28.71,28.71,42.0,1010.0,4.28,174,92,10000,Clouds,overcast clouds,
40,4,2026-06-10 12:26:46+00:00,27.62,29.51,27.62,27.62,66.0,1014.0,4.87,129,83,10000,Rain,light rain,
41,1,2026-06-10 16:30:00+00:00,18.86,18.6,18.86,18.86,69.0,1017.0,3.67,96,98,10000,Clouds,overcast clouds,
42,2,2026-06-10 16:30:00+00:00,24.64,25.33,24.64,24.64,83.0,1016.0,4.34,148,79,10000,Rain,light rain,
43,3,2026-06-10 16:38:08+00:00,21.07,21.19,21.07,21.07,75.0,1013.0,0.46,157,95,10000,Clouds,overcast clouds,
44,4,2026-06-10 16:38:10+00:00,22.59,23.28,22.59,22.59,91.0,1016.0,2.76,151,47,10000,Clouds,scattered clouds,
45,1,2026-06-10 19:37:39+00:00,15.23,15.13,15.23,15.23,89.0,1020.0,3.06,72,49,10000,Clouds,scattered clouds,
46,2,2026-06-10 19:37:40+00:00,24.3,24.98,24.3,24.3,84.0,1017.0,4.5,159,85,10000,Clouds,overcast clouds,
47,3,2026-06-10 19:37:42+00:00,19.93,20.09,19.93,19.93,81.0,1013.0,1.55,179,97,10000,Clouds,overcast clouds,
48,4,2026-06-10 19:37:43+00:00,22.21,22.89,22.21,22.21,92.0,1017.0,2.54,157,38,10000,Clouds,scattered clouds,
49,1,2026-06-10 22:07:52+00:00,14.89,14.84,14.89,14.89,92.0,1019.0,2.52,68,62,10000,Clouds,broken clouds,
50,2,2026-06-10 22:07:54+00:00,23.83,24.51,23.83,23.83,86.0,1016.0,4.57,159,85,10000,Rain,light rain,
51,3,2026-06-10 22:07:55+00:00,19.11,19.27,19.11,19.11,84.0,1013.0,0.85,166,84,10000,Clouds,broken clouds,
52,4,2026-06-10 22:07:56+00:00,22.37,23.06,22.37,22.37,92.0,1017.0,2.35,152,59,10000,Rain,light rain,
53,1,2026-06-11 00:20:27+00:00,14.64,14.61,14.64,14.64,94.0,1018.0,2.26,74,68,10000,Clouds,broken clouds,
54,2,2026-06-11 00:20:28+00:00,23.55,24.23,23.55,23.55,87.0,1015.0,3.83,162,87,10000,Rain,moderate rain,
55,3,2026-06-11 00:20:29+00:00,18.75,18.82,18.75,18.75,82.0,1013.0,0.93,160,92,10000,Clouds,overcast clouds,
56,4,2026-06-11 00:20:31+00:00,22.14,22.81,22.14,22.14,92.0,1015.0,2.29,157,76,10000,Rain,light rain,
57,1,2026-06-11 05:54:10+00:00,16.08,15.88,16.08,16.08,82.0,1021.0,3.12,62,98,10000,Clouds,overcast clouds,
58,2,2026-06-11 05:54:11+00:00,25.89,26.55,25.89,25.89,77.0,1018.0,4.86,174,74,10000,Rain,light rain,
59,3,2026-06-11 05:54:13+00:00,24.3,24.46,24.3,24.3,64.0,1014.0,2.38,151,58,10000,Clouds,broken clouds,
60,4,2026-06-11 05:54:14+00:00,25.29,25.91,25.29,25.29,78.0,1019.0,3.5,148,80,10000,Rain,light rain,
61,1,2026-06-11 10:45:31+00:00,23.45,23.08,23.45,23.45,47.0,1016.0,2.86,107,52,10000,Clouds,broken clouds,
62,2,2026-06-11 10:45:33+00:00,27.68,29.72,27.68,27.68,67.0,1016.0,6.7,159,52,10000,Clouds,broken clouds,
63,3,2026-06-11 10:45:34+00:00,29.87,29.33,29.87,29.87,38.0,1011.0,3.77,175,70,10000,Clouds,broken clouds,
64,4,2026-06-11 10:45:35+00:00,25.92,26.55,25.92,25.92,76.0,1017.0,5.09,169,51,10000,Rain,light rain,
65,1,2026-06-11 14:42:42+00:00,18.71,18.62,18.71,18.71,76.0,1017.0,3.43,126,50,10000,Rain,light rain,
66,2,2026-06-11 14:42:43+00:00,25.67,26.3,25.67,25.67,77.0,1016.0,6.64,168,71,10000,Clouds,broken clouds,
67,3,2026-06-11 14:42:44+00:00,23.27,23.35,23.27,23.27,65.0,1013.0,3.0,145,79,10000,Clouds,broken clouds,
68,4,2026-06-11 14:42:45+00:00,24.76,25.09,24.76,24.76,69.0,1017.0,4.0,146,38,10000,Clouds,scattered clouds,
69,1,2026-06-11 18:18:59+00:00,16.0,15.98,16.0,16.0,89.0,1019.0,2.04,82,58,10000,Clouds,broken clouds,
70,2,2026-06-11 18:19:00+00:00,24.64,25.27,24.64,24.64,81.0,1017.0,5.87,176,32,10000,Clouds,scattered clouds,
71,3,2026-06-11 18:19:01+00:00,19.47,19.69,19.47,19.47,85.0,1014.0,0.25,168,57,10000,Clouds,broken clouds,
72,4,2026-06-11 18:19:02+00:00,22.88,23.21,22.88,22.88,76.0,1018.0,2.78,163,78,10000,Clouds,broken clouds,
73,1,2026-06-11 21:25:15+00:00,15.56,15.57,15.56,15.56,92.0,1020.0,2.67,48,100,10000,Clouds,overcast clouds,
74,2,2026-06-11 21:25:16+00:00,24.21,24.88,24.21,24.21,84.0,1017.0,5.48,173,38,10000,Rain,light rain,
75,3,2026-06-11 21:25:17+00:00,18.61,18.8,18.61,18.61,87.0,1015.0,0.42,260,64,10000,Clouds,broken clouds,
76,4,2026-06-11 21:25:18+00:00,21.83,22.21,21.83,21.83,82.0,1017.0,2.4,186,98,10000,Clouds,overcast clouds,
77,1,2026-06-11 23:39:02+00:00,15.54,15.6,15.54,15.54,94.0,1018.0,2.5,53,100,10000,Clouds,overcast clouds,
78,2,2026-06-11 23:40:17+00:00,21.55,22.22,21.55,21.55,94.0,1016.0,2.16,205,25,10000,Clouds,scattered clouds,
79,3,2026-06-11 23:40:19+00:00,17.84,17.9,17.84,17.84,85.0,1013.0,1.72,184,44,10000,Clouds,scattered clouds,
80,4,2026-06-11 23:40:20+00:00,19.94,20.47,19.94,19.94,95.0,1016.0,2.18,196,95,10000,Clouds,overcast clouds,
81,1,2026-06-12 04:25:33+00:00,15.14,15.22,15.14,15.14,96.0,1019.0,2.06,70,100,10000,Clouds,overcast clouds,
82,2,2026-06-12 04:25:35+00:00,23.74,24.34,23.74,23.74,83.0,1018.0,4.55,185,75,10000,Rain,light rain,
83,3,2026-06-12 04:25:36+00:00,17.23,17.36,17.23,17.23,90.0,1015.0,0.34,326,58,10000,Clouds,broken clouds,
84,4,2026-06-12 04:25:38+00:00,20.57,21.11,20.57,20.57,93.0,1018.0,2.98,215,91,10000,Clouds,overcast clouds,
85,1,2026-06-12 09:00:22+00:00,18.71,18.54,18.71,18.71,73.0,1019.0,2.65,101,98,10000,Clouds,overcast clouds,
86,2,2026-06-12 09:02:32+00:00,27.84,29.54,27.84,27.84,63.0,1017.0,7.5,178,67,10000,Clouds,broken clouds,
87,3,2026-06-12 09:02:33+00:00,28.45,28.31,28.45,28.45,43.0,1014.0,3.22,182,100,10000,Clouds,overcast clouds,
88,4,2026-06-12 09:02:34+00:00,28.44,29.51,28.44,28.44,55.0,1018.0,5.49,183,100,10000,Clouds,overcast clouds,
89,1,2026-06-12 12:57:27+00:00,20.68,20.42,20.68,20.68,62.0,1016.0,2.29,102,100,10000,Clouds,overcast clouds,
90,2,2026-06-12 12:57:29+00:00,26.91,28.55,26.91,26.91,68.0,1016.0,8.35,179,98,10000,Clouds,overcast clouds,
91,3,2026-06-12 12:54:53+00:00,27.35,27.49,27.35,27.35,46.0,1011.0,3.53,170,98,10000,Clouds,overcast clouds,
92,4,2026-06-12 12:56:21+00:00,27.63,28.82,27.63,27.63,59.0,1016.0,5.01,156,98,10000,Clouds,overcast clouds,
93,1,2026-06-12 16:26:11+00:00,17.29,17.27,17.29,17.29,84.0,1019.0,2.45,120,99,10000,Rain,light rain,
94,2,2026-06-12 16:26:12+00:00,25.28,25.87,25.28,25.28,77.0,1017.0,7.32,180,74,10000,Clouds,broken clouds,
95,3,2026-06-12 16:26:14+00:00,22.62,22.66,22.62,22.62,66.0,1013.0,2.33,156,96,10000,Clouds,overcast clouds,
96,4,2026-06-12 16:26:15+00:00,24.09,24.51,24.09,24.09,75.0,1018.0,3.67,153,87,10000,Clouds,overcast clouds,
97,1,2026-06-12 19:09:42+00:00,16.85,16.91,16.85,16.85,89.0,1019.0,1.95,67,98,10000,Rain,light rain,
98,2,2026-06-12 19:09:43+00:00,25.44,26.05,25.44,25.44,77.0,1018.0,6.84,170,26,10000,Clouds,scattered clouds,
99,3,2026-06-12 19:09:44+00:00,19.8,19.98,19.8,19.8,82.0,1015.0,1.5,183,90,10000,Clouds,overcast clouds,
100,4,2026-06-12 19:09:45+00:00,22.79,23.32,22.79,22.79,84.0,1019.0,2.68,172,33,10000,Clouds,scattered clouds,
101,1,2026-06-12 21:52:27+00:00,15.4,15.45,15.4,15.4,94.0,1019.0,2.95,78,100,9937,Rain,light rain,
102,2,2026-06-12 21:52:28+00:00,24.59,25.25,24.59,24.59,82.0,1017.0,6.46,170,20,10000,Clouds,few clouds,
103,3,2026-06-12 21:52:29+00:00,19.53,19.71,19.53,19.53,83.0,1014.0,1.15,202,56,10000,Clouds,broken clouds,
104,4,2026-06-12 21:52:30+00:00,22.35,22.91,22.35,22.35,87.0,1018.0,2.76,166,27,10000,Clouds,scattered clouds,
105,1,2026-06-12 23:18:59+00:00,15.15,15.2,15.15,15.15,95.0,1019.0,2.32,72,100,10000,Rain,light rain,
106,2,2026-06-12 23:19:00+00:00,24.51,25.16,24.51,24.51,82.0,1016.0,6.72,172,21,10000,Clouds,few clouds,
107,3,2026-06-12 23:19:01+00:00,19.0,19.18,19.0,19.0,85.0,1013.0,0.72,188,59,10000,Clouds,broken clouds,
108,4,2026-06-12 23:19:01+00:00,22.17,22.77,22.17,22.17,89.0,1017.0,2.74,167,34,10000,Clouds,scattered clouds,
109,1,2026-06-13 04:14:16+00:00,14.77,14.76,14.77,14.77,94.0,1020.0,1.6,37,98,10000,Clouds,overcast clouds,
110,2,2026-06-13 04:13:33+00:00,23.96,24.6,23.96,23.96,84.0,1018.0,5.22,180,71,10000,Rain,light rain,
111,3,2026-06-13 04:14:19+00:00,19.97,20.03,19.97,19.97,77.0,1015.0,0.44,170,91,10000,Clouds,overcast clouds,
112,4,2026-06-13 04:14:20+00:00,21.27,21.8,21.27,21.27,90.0,1019.0,2.66,197,97,10000,Clouds,overcast clouds,
113,1,2026-06-13 08:25:01+00:00,18.07,17.94,18.07,18.07,77.0,1020.0,1.52,133,99,10000,Clouds,overcast clouds,
114,2,2026-06-13 08:25:02+00:00,26.48,26.48,26.48,26.48,73.0,1019.0,7.34,168,64,10000,Rain,light rain,
115,3,2026-06-13 08:25:04+00:00,28.5,28.28,28.5,28.5,42.0,1014.0,2.21,156,94,10000,Clouds,overcast clouds,
116,4,2026-06-13 08:18:09+00:00,28.44,29.51,28.44,28.44,55.0,1020.0,5.18,165,43,10000,Clouds,scattered clouds,
117,1,2026-06-13 11:19:26+00:00,20.29,20.12,20.29,20.29,67.0,1017.0,3.41,133,90,10000,Rain,light rain,
118,2,2026-06-13 11:19:27+00:00,27.04,28.92,27.04,27.04,70.0,1017.0,7.74,165,64,10000,Rain,light rain,
119,3,2026-06-13 11:19:01+00:00,27.13,27.35,27.13,27.13,47.0,1012.0,4.55,167,97,10000,Clouds,overcast clouds,
120,4,2026-06-13 11:19:30+00:00,29.5,29.93,29.5,29.5,47.0,1017.0,5.64,161,67,10000,Clouds,broken clouds,
121,1,2026-06-13 14:10:04+00:00,17.88,17.81,17.88,17.88,80.0,1018.0,2.7,96,96,10000,Clouds,overcast clouds,
122,2,2026-06-13 14:10:05+00:00,26.58,26.58,26.58,26.58,69.0,1017.0,7.04,168,79,10000,Clouds,broken clouds,
123,3,2026-06-13 14:10:07+00:00,23.55,23.63,23.55,23.55,64.0,1012.0,3.87,172,82,10000,Clouds,broken clouds,
124,4,2026-06-13 14:10:08+00:00,27.01,28.09,27.01,27.01,60.0,1017.0,5.21,152,100,10000,Clouds,overcast clouds,
125,1,2026-06-13 16:17:55+00:00,16.89,16.8,16.89,16.89,83.0,1019.0,2.19,103,87,10000,Clouds,overcast clouds,
126,2,2026-06-13 16:17:56+00:00,24.47,25.09,24.47,24.47,81.0,1018.0,5.96,166,72,10000,Rain,light rain,
127,3,2026-06-13 16:17:58+00:00,21.24,21.38,21.24,21.24,75.0,1014.0,1.42,194,75,10000,Clouds,broken clouds,
128,4,2026-06-13 16:17:59+00:00,23.96,24.37,23.96,23.96,75.0,1019.0,3.72,163,100,10000,Clouds,overcast clouds,
129,1,2026-06-13 18:10:13+00:00,16.2,16.15,16.2,16.2,87.0,1021.0,3.13,75,88,10000,Clouds,overcast clouds,
130,2,2026-06-13 18:12:57+00:00,21.85,22.55,21.85,21.85,94.0,1020.0,2.29,178,50,10000,Rain,light rain,
131,3,2026-06-13 18:12:58+00:00,19.84,19.97,19.84,19.84,80.0,1015.0,1.62,189,81,10000,Clouds,broken clouds,
132,4,2026-06-13 18:12:59+00:00,21.24,21.74,21.24,21.24,89.0,1020.0,3.46,148,100,10000,Clouds,overcast clouds,
133,1,2026-06-13 20:19:05+00:00,15.4,15.37,15.4,15.4,91.0,1022.0,2.42,66,99,10000,Clouds,overcast clouds,
134,2,2026-06-13 20:19:39+00:00,24.08,24.71,24.08,24.08,83.0,1019.0,5.39,174,69,10000,Clouds,broken clouds,
135,3,2026-06-13 20:11:50+00:00,19.3,19.5,19.3,19.3,85.0,1016.0,1.13,166,87,10000,Clouds,overcast clouds,
136,4,2026-06-13 20:19:02+00:00,22.05,22.45,22.05,22.05,82.0,1020.0,2.52,172,100,10000,Clouds,overcast clouds,
137,1,2026-06-13 22:08:57+00:00,14.45,14.41,14.45,14.45,94.0,1021.0,1.92,104,93,10000,Clouds,overcast clouds,
138,2,2026-06-13 22:08:58+00:00,23.7,24.35,23.7,23.7,85.0,1018.0,5.14,182,50,10000,Rain,light rain,
139,3,2026-06-13 22:09:00+00:00,19.29,19.49,19.29,19.29,85.0,1015.0,1.46,173,90,10000,Clouds,overcast clouds,
140,4,2026-06-13 22:09:01+00:00,21.76,22.16,21.76,21.76,83.0,1019.0,2.6,174,100,10000,Clouds,overcast clouds,
141,1,2026-06-14 00:12:47+00:00,14.43,14.36,14.43,14.43,93.0,1020.0,1.26,123,94,10000,Clouds,overcast clouds,
142,2,2026-06-14 00:12:49+00:00,23.37,23.98,23.37,23.37,85.0,1018.0,4.71,180,43,10000,Rain,light rain,
143,3,2026-06-14 00:12:50+00:00,19.32,19.5,19.32,19.32,84.0,1014.0,1.49,142,92,10000,Clouds,overcast clouds,
144,4,2026-06-14 00:12:52+00:00,21.61,22.07,21.61,21.61,86.0,1018.0,2.52,177,79,10000,Clouds,broken clouds,
145,1,2026-06-14 05:54:25+00:00,16.09,15.84,16.09,16.09,80.0,1022.0,1.93,124,90,10000,Clouds,overcast clouds,
146,2,2026-06-14 05:54:26+00:00,25.8,26.39,25.8,25.8,75.0,1020.0,6.9,180,63,10000,Clouds,broken clouds,
147,3,2026-06-14 05:49:24+00:00,24.94,25.03,24.94,24.94,59.0,1015.0,1.72,164,68,10000,Clouds,broken clouds,
148,4,2026-06-14 05:49:09+00:00,25.23,25.69,25.23,25.23,72.0,1021.0,3.44,165,42,10000,Clouds,scattered clouds,
149,1,2026-06-14 09:42:01+00:00,20.99,20.55,20.99,20.99,54.0,1018.0,3.13,111,96,10000,Clouds,overcast clouds,
150,2,2026-06-14 09:43:28+00:00,28.12,29.75,28.12,28.12,61.0,1018.0,7.71,175,22,10000,Clouds,few clouds,
151,3,2026-06-14 09:43:30+00:00,26.79,27.11,26.79,26.79,48.0,1014.0,3.95,175,100,10000,Clouds,overcast clouds,
152,4,2026-06-14 09:43:31+00:00,29.62,30.22,29.62,29.62,48.0,1018.0,5.41,155,60,10000,Clouds,broken clouds,
153,1,2026-06-14 12:01:36+00:00,20.83,20.46,20.83,20.83,57.0,1017.0,4.34,120,97,10000,Clouds,overcast clouds,
154,2,2026-06-14 12:01:37+00:00,27.73,29.16,27.73,27.73,61.0,1016.0,7.74,174,16,10000,Clouds,few clouds,
155,3,2026-06-14 12:01:39+00:00,27.51,27.63,27.51,27.51,46.0,1012.0,4.33,177,100,10000,Clouds,overcast clouds,
156,4,2026-06-14 12:01:40+00:00,29.05,29.72,29.05,29.05,50.0,1017.0,5.66,152,60,10000,Clouds,broken clouds,
157,1,2026-06-14 15:09:22+00:00,18.19,17.92,18.19,18.19,71.0,1018.0,3.56,120,94,10000,Clouds,overcast clouds,
158,2,2026-06-14 15:09:23+00:00,25.56,26.03,25.56,25.56,71.0,1017.0,7.0,170,20,10000,Clouds,few clouds,
159,3,2026-06-14 15:09:24+00:00,24.27,24.32,24.27,24.27,60.0,1012.0,3.67,181,100,10000,Clouds,overcast clouds,
160,4,2026-06-14 15:09:25+00:00,25.29,25.65,25.29,25.29,68.0,1018.0,4.4,150,100,10000,Clouds,overcast clouds,
161,1,2026-06-14 17:15:02+00:00,16.79,16.54,16.79,16.79,77.0,1020.0,2.58,86,96,10000,Clouds,overcast clouds,
162,2,2026-06-14 17:24:01+00:00,24.52,24.99,24.52,24.52,75.0,1018.0,6.7,175,14,10000,Clouds,few clouds,
163,3,2026-06-14 17:24:03+00:00,20.14,20.3,20.14,20.14,80.0,1014.0,1.59,198,86,10000,Clouds,overcast clouds,
164,4,2026-06-14 17:24:04+00:00,23.19,23.58,23.19,23.19,77.0,1019.0,3.29,149,92,10000,Clouds,overcast clouds,
165,1,2026-06-14 19:43:10+00:00,14.27,14.08,14.27,14.27,89.0,1021.0,1.57,80,53,10000,Clouds,broken clouds,
166,2,2026-06-14 19:43:11+00:00,24.33,24.75,24.33,24.33,74.0,1019.0,6.57,181,75,10000,Clouds,broken clouds,
167,3,2026-06-14 19:43:12+00:00,19.98,20.07,19.98,19.98,78.0,1014.0,1.04,174,96,10000,Clouds,overcast clouds,
168,4,2026-06-14 19:43:13+00:00,22.02,22.44,22.02,22.02,83.0,1019.0,2.28,161,23,10000,Clouds,few clouds,
169,1,2026-06-14 21:13:49+00:00,14.25,14.03,14.25,14.25,88.0,1020.0,1.58,81,56,10000,Clouds,broken clouds,
170,2,2026-06-14 21:18:20+00:00,24.19,24.6,24.19,24.19,74.0,1018.0,6.61,185,79,10000,Clouds,broken clouds,
171,3,2026-06-14 21:18:21+00:00,20.54,20.61,20.54,20.54,75.0,1014.0,0.48,84,97,10000,Clouds,overcast clouds,
172,4,2026-06-14 21:18:23+00:00,21.76,22.16,21.76,21.76,83.0,1019.0,2.36,156,20,10000,Clouds,few clouds,
173,1,2026-06-14 23:12:53+00:00,13.16,12.93,13.16,13.16,92.0,1020.0,1.08,34,63,10000,Clouds,broken clouds,
174,2,2026-06-14 23:12:55+00:00,23.87,24.3,23.87,23.87,76.0,1016.0,6.81,189,77,10000,Clouds,broken clouds,
175,3,2026-06-14 23:12:56+00:00,20.98,21.01,20.98,20.98,72.0,1013.0,1.1,153,98,10000,Clouds,overcast clouds,
176,4,2026-06-14 23:12:58+00:00,21.29,21.69,21.29,21.29,85.0,1018.0,2.5,181,23,10000,Clouds,few clouds,
177,1,2026-06-15 04:55:46+00:00,14.36,14.07,14.36,14.36,85.0,1022.0,1.44,97,97,10000,Clouds,overcast clouds,
178,2,2026-06-15 04:55:47+00:00,24.53,25.05,24.53,24.53,77.0,1019.0,6.07,206,36,10000,Clouds,scattered clouds,
179,3,2026-06-15 04:55:49+00:00,20.2,20.52,20.2,20.2,86.0,1016.0,1.07,112,74,10000,Clouds,broken clouds,
180,4,2026-06-15 04:55:50+00:00,22.9,23.31,22.9,22.9,79.0,1020.0,2.38,215,96,10000,Clouds,overcast clouds,
181,1,2026-06-15 10:58:10+00:00,22.89,22.17,22.89,22.89,36.0,1017.0,4.45,142,92,10000,Clouds,overcast clouds,
182,2,2026-06-15 10:58:11+00:00,27.56,29.11,27.56,27.56,63.0,1016.0,8.85,188,96,10000,Clouds,overcast clouds,
183,3,2026-06-15 10:58:12+00:00,28.49,28.27,28.49,28.49,42.0,1013.0,3.94,178,95,10000,Clouds,overcast clouds,
184,4,2026-06-15 10:58:14+00:00,30.05,30.38,30.05,30.05,45.0,1017.0,4.65,162,17,10000,Clouds,few clouds,
185,1,2026-06-15 16:15:02+00:00,16.68,15.76,16.68,16.68,52.0,1018.0,2.37,103,95,10000,Clouds,overcast clouds,
186,2,2026-06-15 16:18:59+00:00,25.51,26.07,25.51,25.51,75.0,1017.0,6.32,179,63,10000,Clouds,broken clouds,
187,3,2026-06-15 16:19:00+00:00,21.59,21.58,21.59,21.59,68.0,1013.0,2.52,162,80,10000,Clouds,broken clouds,
188,4,2026-06-15 16:19:00+00:00,23.85,24.09,23.85,23.85,69.0,1017.0,3.56,154,74,10000,Clouds,broken clouds,
189,1,2026-06-15 20:28:22+00:00,14.52,13.75,14.52,14.52,66.0,1021.0,2.28,66,64,10000,Clouds,broken clouds,
190,2,2026-06-15 20:28:23+00:00,24.47,24.98,24.47,24.47,77.0,1018.0,6.28,186,55,10000,Rain,light rain,
191,3,2026-06-15 20:28:24+00:00,17.97,18.02,17.97,17.97,84.0,1016.0,0.65,297,84,10000,Clouds,broken clouds,
192,4,2026-06-15 20:28:25+00:00,22.19,22.53,22.19,22.19,79.0,1019.0,2.67,175,40,10000,Clouds,scattered clouds,
193,1,2026-06-15 22:58:19+00:00,12.64,12.18,12.64,12.64,85.0,1021.0,2.07,41,57,10000,Clouds,broken clouds,
194,2,2026-06-15 23:05:29+00:00,24.19,24.81,24.19,24.19,82.0,1016.0,6.03,188,64,10000,Rain,light rain,
195,3,2026-06-15 23:05:31+00:00,17.44,17.43,17.44,17.44,84.0,1015.0,0.84,186,84,10000,Clouds,broken clouds,
196,4,2026-06-15 23:05:32+00:00,21.91,22.4,21.91,21.91,86.0,1017.0,2.45,185,47,10000,Clouds,scattered clouds,
197,1,2026-06-16 04:48:02+00:00,14.83,14.35,14.83,14.83,76.0,1023.0,0.9,21,39,10000,Clouds,scattered clouds,
198,2,2026-06-16 04:52:39+00:00,24.41,25.0,24.41,24.41,80.0,1019.0,6.16,208,94,10000,Rain,light rain,
199,3,2026-06-16 04:52:41+00:00,21.47,21.32,21.47,21.47,63.0,1017.0,1.91,129,80,10000,Clouds,broken clouds,
200,4,2026-06-16 04:52:43+00:00,22.24,22.87,22.24,22.24,90.0,1020.0,3.62,206,91,10000,Clouds,overcast clouds,
201,1,2026-06-16 10:03:52+00:00,22.77,22.3,22.77,22.77,46.0,1020.0,3.66,143,23,10000,Clouds,few clouds,
202,2,2026-06-16 10:13:24+00:00,27.68,29.5,27.68,27.68,65.0,1019.0,8.47,189,100,10000,Clouds,overcast clouds,
203,3,2026-06-16 10:13:26+00:00,27.48,27.17,27.48,27.48,39.0,1016.0,4.47,166,100,10000,Clouds,overcast clouds,
204,4,2026-06-16 10:13:27+00:00,23.79,24.5,23.79,23.79,87.0,1020.0,3.57,188,100,8441,Rain,moderate rain,
205,1,2026-06-16 16:00:00+00:00,16.67,16.4,16.67,16.67,77.0,1021.0,2.75,110,90,10000,Clouds,overcast clouds,
206,2,2026-06-16 16:00:01+00:00,24.81,25.41,24.81,24.81,79.0,1019.0,5.47,178,65,10000,Rain,light rain,
207,3,2026-06-16 16:00:26+00:00,20.77,20.52,20.77,20.77,62.0,1016.0,2.02,175,74,10000,Clouds,broken clouds,
208,4,2026-06-16 16:00:28+00:00,22.63,23.3,22.63,22.63,90.0,1020.0,2.63,163,50,10000,Clouds,scattered clouds,
209,1,2026-06-16 19:46:03+00:00,15.02,14.8,15.02,15.02,85.0,1023.0,2.32,71,97,10000,Clouds,overcast clouds,
210,2,2026-06-16 19:49:04+00:00,24.25,24.9,24.25,24.25,83.0,1020.0,4.92,175,82,10000,Rain,light rain,
211,3,2026-06-16 19:49:06+00:00,17.53,17.32,17.53,17.53,76.0,1017.0,0.99,215,0,10000,Clear,clear sky,
212,4,2026-06-16 19:49:07+00:00,21.93,22.63,21.93,21.93,94.0,1021.0,2.51,151,63,10000,Clouds,broken clouds,
213,1,2026-06-16 22:15:02+00:00,13.89,13.74,13.89,13.89,92.0,1022.0,2.53,61,75,10000,Clouds,broken clouds,
214,2,2026-06-16 22:17:09+00:00,24.32,25.0,24.32,24.32,84.0,1019.0,5.12,178,88,10000,Clouds,overcast clouds,
215,3,2026-06-16 22:17:10+00:00,17.23,16.94,17.23,17.23,74.0,1017.0,0.94,227,7,10000,Clear,clear sky,
216,4,2026-06-16 22:17:12+00:00,21.75,22.46,21.75,21.75,95.0,1020.0,2.5,172,70,10000,Rain,light rain,
217,1,2026-06-17 00:21:54+00:00,13.78,13.64,13.78,13.78,93.0,1021.0,2.06,43,75,10000,Clouds,broken clouds,
218,2,2026-06-17 00:21:55+00:00,23.92,24.61,23.92,23.92,86.0,1018.0,4.77,187,92,10000,Rain,light rain,
219,3,2026-06-17 00:21:56+00:00,17.56,17.28,17.56,17.56,73.0,1016.0,1.45,162,18,10000,Clouds,few clouds,
220,4,2026-06-17 00:21:57+00:00,21.47,22.15,21.47,21.47,95.0,1018.0,2.39,167,54,10000,Rain,light rain,
221,1,2026-06-17 06:19:09+00:00,16.83,16.63,16.83,16.83,79.0,1022.0,2.04,161,97,10000,Clouds,overcast clouds,
222,2,2026-06-17 06:19:10+00:00,25.54,26.19,25.54,25.54,78.0,1020.0,6.3,194,100,10000,Rain,light rain,
223,3,2026-06-17 06:19:11+00:00,24.63,24.53,24.63,24.63,53.0,1017.0,2.41,141,13,10000,Clouds,few clouds,
224,4,2026-06-17 06:19:12+00:00,25.27,25.94,25.27,25.27,80.0,1020.0,3.77,166,94,10000,Clouds,overcast clouds,
225,1,2026-06-17 11:48:33+00:00,20.14,19.78,20.14,20.14,60.0,1018.0,4.19,125,100,10000,Clouds,overcast clouds,
226,2,2026-06-17 11:53:58+00:00,27.49,29.4,27.49,27.49,67.0,1016.0,7.5,177,85,10000,Clouds,overcast clouds,
227,3,2026-06-17 11:53:59+00:00,27.63,27.41,27.63,27.63,41.0,1013.0,4.53,178,55,10000,Clouds,broken clouds,
228,4,2026-06-17 11:54:01+00:00,29.0,30.17,29.0,29.0,54.0,1017.0,4.85,157,68,10000,Rain,light rain,
229,1,2026-06-17 15:43:30+00:00,17.59,17.31,17.59,17.59,73.0,1019.0,2.21,119,100,10000,Clouds,overcast clouds,
230,2,2026-06-17 15:46:04+00:00,25.16,25.77,25.16,25.16,78.0,1017.0,6.17,177,68,10000,Clouds,broken clouds,
231,3,2026-06-17 15:46:05+00:00,21.21,21.14,21.21,21.21,67.0,1015.0,2.41,180,38,10000,Clouds,scattered clouds,
232,4,2026-06-17 15:46:07+00:00,23.85,24.3,23.85,23.85,77.0,1018.0,2.65,156,74,10000,Clouds,broken clouds,
233,1,2026-06-17 18:15:42+00:00,17.05,16.8,17.05,17.05,76.0,1021.0,2.25,76,100,10000,Clouds,overcast clouds,
234,2,2026-06-17 18:19:00+00:00,23.41,24.05,23.41,23.41,86.0,1019.0,3.5,181,70,10000,Clouds,broken clouds,
235,3,2026-06-17 18:19:01+00:00,18.2,18.22,18.2,18.2,82.0,1017.0,1.14,176,67,10000,Clouds,broken clouds,
236,4,2026-06-17 18:19:02+00:00,21.49,22.1,21.49,21.49,92.0,1019.0,2.81,149,82,10000,Clouds,broken clouds,
237,1,2026-06-17 21:12:57+00:00,15.09,14.77,15.09,15.09,81.0,1021.0,1.2,69,98,10000,Clouds,overcast clouds,
238,2,2026-06-17 21:12:58+00:00,24.57,25.22,24.57,24.57,82.0,1018.0,5.7,180,11,10000,Clouds,few clouds,
239,3,2026-06-17 21:12:59+00:00,18.89,18.74,18.89,18.89,73.0,1016.0,1.5,194,77,10000,Clouds,broken clouds,
240,4,2026-06-17 21:13:00+00:00,22.31,22.87,22.31,22.31,87.0,1019.0,2.81,171,36,10000,Clouds,scattered clouds,
241,1,2026-06-17 23:42:40+00:00,13.18,12.85,13.18,13.18,88.0,1020.0,0.95,67,99,10000,Clouds,overcast clouds,
242,2,2026-06-17 23:42:41+00:00,24.1,24.73,24.1,24.1,83.0,1017.0,5.06,182,10,10000,Clear,clear sky,
243,3,2026-06-17 23:42:43+00:00,18.4,18.25,18.4,18.4,75.0,1015.0,1.12,115,79,10000,Clouds,broken clouds,
244,4,2026-06-17 23:42:44+00:00,21.34,21.98,21.34,21.34,94.0,1017.0,2.5,186,41,10000,Rain,light rain,
245,1,2026-06-18 04:25:19+00:00,13.64,13.49,13.64,13.64,93.0,1021.0,1.04,54,99,10000,Clouds,overcast clouds,
246,2,2026-06-18 04:25:21+00:00,23.86,24.44,23.86,23.86,82.0,1018.0,5.17,183,7,10000,Rain,light rain,
247,3,2026-06-18 04:25:22+00:00,18.02,17.94,18.02,18.02,79.0,1016.0,0.91,166,94,10000,Clouds,overcast clouds,
248,4,2026-06-18 04:25:24+00:00,20.89,21.44,20.89,20.89,92.0,1018.0,2.63,201,14,10000,Clouds,few clouds,
249,1,2026-06-18 09:19:30+00:00,21.23,20.87,21.23,21.23,56.0,1018.0,2.48,134,99,10000,Clouds,overcast clouds,
250,2,2026-06-18 09:19:31+00:00,27.21,28.85,27.21,27.21,66.0,1017.0,7.41,179,20,10000,Rain,light rain,
251,3,2026-06-18 09:19:32+00:00,29.26,28.6,29.26,29.26,37.0,1013.0,2.7,160,97,10000,Clouds,overcast clouds,
252,4,2026-06-18 09:19:33+00:00,28.67,29.58,28.67,28.67,53.0,1018.0,5.34,163,2,10000,Clear,clear sky,
253,1,2026-06-18 13:31:28+00:00,20.19,19.88,20.19,20.19,62.0,1015.0,3.25,118,95,10000,Clouds,overcast clouds,
254,2,2026-06-18 13:31:29+00:00,26.21,26.21,26.21,26.21,71.0,1015.0,7.69,179,34,10000,Rain,light rain,
255,3,2026-06-18 13:31:30+00:00,25.78,25.75,25.78,25.78,51.0,1011.0,3.7,166,97,10000,Clouds,overcast clouds,
256,4,2026-06-18 13:31:31+00:00,26.27,26.27,26.27,26.27,62.0,1015.0,4.83,154,34,10000,Clouds,scattered clouds,
257,1,2026-06-18 17:17:40+00:00,16.92,16.78,16.92,16.92,81.0,1017.0,2.97,88,96,10000,Clouds,overcast clouds,
258,2,2026-06-18 17:17:42+00:00,25.03,25.57,25.03,25.03,76.0,1016.0,7.09,172,18,10000,Clouds,few clouds,
259,3,2026-06-18 17:17:43+00:00,20.01,20.08,20.01,20.01,77.0,1013.0,1.65,186,85,10000,Clouds,overcast clouds,
260,4,2026-06-18 17:17:45+00:00,22.95,23.39,22.95,22.95,80.0,1017.0,2.72,148,17,10000,Clouds,few clouds,
261,1,2026-06-18 20:27:02+00:00,14.54,14.45,14.54,14.54,92.0,1019.0,0.67,84,30,10000,Clouds,scattered clouds,
262,2,2026-06-18 20:31:35+00:00,24.41,24.97,24.41,24.41,79.0,1016.0,6.19,180,9,10000,Clear,clear sky,
263,3,2026-06-18 20:31:37+00:00,18.79,18.87,18.79,18.79,82.0,1014.0,1.35,226,51,10000,Clouds,broken clouds,
264,4,2026-06-18 20:31:39+00:00,21.83,22.31,21.83,21.83,86.0,1016.0,2.79,169,1,10000,Clear,clear sky,
265,1,2026-06-18 22:58:08+00:00,14.41,14.33,14.41,14.41,93.0,1017.0,0.84,70,52,10000,Clouds,broken clouds,
266,2,2026-06-18 22:58:09+00:00,24.09,24.64,24.09,24.09,80.0,1015.0,6.0,180,7,10000,Clear,clear sky,
267,3,2026-06-18 22:54:40+00:00,17.97,17.99,17.97,17.97,83.0,1013.0,1.03,246,44,10000,Clouds,scattered clouds,
268,4,2026-06-18 22:58:12+00:00,21.58,22.04,21.58,21.58,86.0,1015.0,2.85,170,0,10000,Clear,clear sky,
269,1,2026-06-19 01:49:05+00:00,13.88,13.75,13.88,13.88,93.0,1017.0,1.97,65,85,10000,Clouds,overcast clouds,
270,2,2026-06-19 01:48:15+00:00,24.23,24.77,24.23,24.23,79.0,1015.0,5.51,174,6,10000,Clear,clear sky,
271,3,2026-06-19 01:49:07+00:00,16.55,16.61,16.55,16.55,90.0,1013.0,0.63,358,81,10000,Clouds,broken clouds,
272,4,2026-06-19 01:45:36+00:00,21.13,21.6,21.13,21.13,88.0,1015.0,2.35,192,0,10000,Clear,clear sky,
273,1,2026-06-19 07:05:11+00:00,18.48,18.21,18.48,18.48,70.0,1018.0,1.1,121,74,10000,Clouds,broken clouds,
274,2,2026-06-19 07:13:28+00:00,26.61,26.61,26.61,26.61,69.0,1017.0,7.16,179,21,10000,Clouds,few clouds,
275,3,2026-06-19 07:13:30+00:00,25.41,25.36,25.41,25.41,52.0,1014.0,1.41,194,35,10000,Clouds,scattered clouds,
276,4,2026-06-19 07:13:31+00:00,27.42,28.63,27.42,27.42,60.0,1018.0,4.22,154,13,10000,Clouds,few clouds,
277,1,2026-06-19 12:12:13+00:00,22.48,22.17,22.48,22.48,53.0,1014.0,3.48,127,69,10000,Clouds,broken clouds,
278,2,2026-06-19 12:12:14+00:00,27.19,28.82,27.19,27.19,66.0,1014.0,7.71,179,14,10000,Clouds,few clouds,
279,3,2026-06-19 12:12:15+00:00,26.82,27.09,26.82,26.82,47.0,1010.0,4.14,177,51,10000,Clouds,broken clouds,
280,4,2026-06-19 12:12:17+00:00,28.68,29.37,28.68,28.68,51.0,1015.0,5.62,161,7,10000,Clear,clear sky,
281,1,2026-06-19 16:09:35+00:00,17.05,17.0,17.05,17.05,84.0,1017.0,3.15,88,99,10000,Clouds,overcast clouds,
282,2,2026-06-19 16:09:36+00:00,25.02,25.64,25.02,25.02,79.0,1015.0,6.17,176,45,10000,Clouds,scattered clouds,
283,3,2026-06-19 16:09:37+00:00,20.78,20.85,20.78,20.78,74.0,1012.0,1.8,156,56,10000,Rain,light rain,
284,4,2026-06-19 16:09:38+00:00,24.1,24.55,24.1,24.1,76.0,1016.0,3.94,140,21,10000,Clouds,few clouds,
285,1,2026-06-19 18:59:58+00:00,15.95,15.92,15.95,15.95,89.0,1019.0,2.18,70,95,10000,Clouds,overcast clouds,
286,2,2026-06-19 18:59:59+00:00,24.86,25.49,24.86,24.86,80.0,1016.0,6.92,173,11,10000,Clouds,few clouds,
287,3,2026-06-19 19:00:00+00:00,19.03,19.1,19.03,19.03,81.0,1013.0,1.72,196,26,10000,Clouds,scattered clouds,
288,4,2026-06-19 19:00:01+00:00,22.85,23.31,22.85,22.85,81.0,1017.0,3.29,156,0,10000,Clear,clear sky,
289,1,2026-06-19 20:42:13+00:00,14.82,14.79,14.82,14.82,93.0,1019.0,1.99,76,92,10000,Clouds,overcast clouds,
290,2,2026-06-19 20:42:02+00:00,24.44,25.05,24.44,24.44,81.0,1016.0,6.28,177,24,10000,Clouds,few clouds,
291,3,2026-06-19 20:42:54+00:00,19.08,19.18,19.08,19.08,82.0,1013.0,1.81,177,28,10000,Clouds,scattered clouds,
292,4,2026-06-19 20:42:56+00:00,22.63,23.09,22.63,22.63,82.0,1017.0,3.3,155,0,10000,Clear,clear sky,
293,1,2026-06-19 22:02:54+00:00,14.76,14.75,14.76,14.76,94.0,1018.0,1.71,73,90,10000,Clouds,overcast clouds,
294,2,2026-06-19 22:08:26+00:00,24.11,24.74,24.11,24.11,83.0,1016.0,6.11,176,28,10000,Rain,light rain,
295,3,2026-06-19 22:08:28+00:00,19.24,19.36,19.24,19.24,82.0,1013.0,1.53,170,30,10000,Clouds,scattered clouds,
296,4,2026-06-19 22:08:29+00:00,22.46,22.93,22.46,22.46,83.0,1017.0,3.27,159,0,10000,Clear,clear sky,
297,1,2026-06-20 00:14:00+00:00,14.82,14.79,14.82,14.82,93.0,1018.0,1.17,100,92,10000,Clouds,overcast clouds,
298,2,2026-06-20 00:14:02+00:00,23.65,24.29,23.65,23.65,85.0,1015.0,5.64,180,39,10000,Rain,light rain,
299,3,2026-06-20 00:14:03+00:00,20.53,20.65,20.53,20.53,77.0,1012.0,1.87,144,53,10000,Clouds,broken clouds,
300,4,2026-06-20 00:14:05+00:00,21.34,21.98,21.34,21.34,94.0,1016.0,2.55,195,2,10000,Clear,clear sky,
301,1,2026-06-20 05:19:39+00:00,15.02,14.98,15.02,15.02,92.0,1020.0,1.89,121,97,10000,Clouds,overcast clouds,
302,2,2026-06-20 05:19:40+00:00,24.87,25.48,24.87,24.87,79.0,1017.0,6.9,193,54,10000,Rain,light rain,
303,3,2026-06-20 05:19:41+00:00,20.44,20.73,20.44,20.44,84.0,1014.0,1.47,178,98,10000,Clouds,overcast clouds,
304,4,2026-06-20 05:19:42+00:00,22.91,23.45,22.91,22.91,84.0,1019.0,3.88,186,45,10000,Rain,light rain,
305,1,2026-06-20 12:53:46+00:00,21.67,21.33,21.67,21.67,55.0,1015.0,3.74,122,63,10000,Clouds,broken clouds,
306,2,2026-06-20 12:53:48+00:00,27.04,28.51,27.04,27.04,65.0,1015.0,8.18,178,61,10000,Rain,light rain,
307,3,2026-06-20 12:53:49+00:00,27.32,27.34,27.32,27.32,44.0,1011.0,4.1,175,100,10000,Clouds,overcast clouds,
308,4,2026-06-20 12:49:22+00:00,27.21,27.9,27.21,27.21,54.0,1016.0,6.6,153,51,10000,Clouds,broken clouds,
309,9,2026-06-20 12:53:51+00:00,26.72,27.5,26.72,26.72,56.0,1010.0,2.27,244,98,10000,Clouds,overcast clouds,
310,10,2026-06-20 12:53:53+00:00,25.94,25.53,25.94,25.94,36.0,1015.0,5.11,95,95,10000,Clouds,overcast clouds,
311,11,2026-06-20 12:53:55+00:00,20.99,20.63,20.99,20.99,57.0,1017.0,3.99,138,95,10000,Clouds,overcast clouds,
312,12,2026-06-20 12:53:56+00:00,21.65,21.52,21.65,21.65,63.0,1014.0,0.84,258,98,10000,Clouds,overcast clouds,
313,13,2026-06-20 12:53:58+00:00,27.74,28.69,27.74,27.74,56.0,1013.0,3.55,167,93,10000,Clouds,overcast clouds,
314,14,2026-06-20 12:53:59+00:00,35.87,35.73,35.87,35.87,29.0,1006.0,1.69,100,100,10000,Clouds,overcast clouds,
315,15,2026-06-20 12:54:01+00:00,24.35,23.55,24.35,24.35,27.0,1010.0,2.71,116,99,10000,Clouds,overcast clouds,
316,16,2026-06-20 12:54:03+00:00,31.22,29.96,31.22,31.22,30.0,1009.0,2.61,101,99,10000,Clouds,overcast clouds,
317,17,2026-06-20 12:54:04+00:00,26.74,28.64,26.74,26.74,73.0,1014.0,7.14,198,84,10000,Clouds,broken clouds,
318,18,2026-06-20 12:54:06+00:00,33.33,39.63,33.33,33.33,58.0,1004.0,4.31,50,19,10000,Clouds,few clouds,
319,19,2026-06-20 12:54:07+00:00,24.92,23.91,24.92,24.92,17.0,1012.0,4.14,44,1,10000,Clear,clear sky,
320,20,2026-06-20 12:54:08+00:00,34.19,34.77,34.19,34.19,36.0,1008.0,1.23,98,46,10000,Clouds,scattered clouds,
321,21,2026-06-20 12:54:10+00:00,27.34,26.36,27.34,27.34,22.0,1013.0,3.48,112,20,10000,Clouds,few clouds,
322,22,2026-06-20 12:54:12+00:00,22.77,22.75,22.77,22.77,63.0,1013.0,1.91,151,78,10000,Clouds,broken clouds,
323,23,2026-06-20 12:54:13+00:00,34.74,35.41,34.74,34.74,35.0,1009.0,1.48,119,84,10000,Clouds,broken clouds,
324,24,2026-06-20 12:54:15+00:00,24.78,25.61,24.78,24.78,88.0,1011.0,0.87,358,70,10000,Rain,moderate rain,
325,25,2026-06-20 12:54:16+00:00,28.28,31.98,28.28,28.28,75.0,1010.0,3.49,211,100,10000,Rain,light rain,
326,26,2026-06-20 12:54:18+00:00,33.15,34.96,33.15,33.15,44.0,1008.0,1.98,149,71,10000,Clouds,broken clouds,
327,27,2026-06-20 12:54:20+00:00,40.99,40.13,40.99,40.99,18.0,1005.0,4.42,105,100,10000,Clouds,overcast clouds,
328,28,2026-06-20 12:54:21+00:00,26.67,28.31,26.67,26.67,70.0,1011.0,3.8,226,91,10000,Clouds,overcast clouds,
329,29,2026-06-20 12:54:23+00:00,27.05,30.25,27.05,27.05,84.0,1011.0,2.58,242,91,10000,Rain,light rain,
330,1,2026-06-20 15:01:08+00:00,18.5,18.26,18.5,18.5,71.0,1017.0,3.49,129,85,10000,Clouds,overcast clouds,
331,2,2026-06-20 15:04:49+00:00,25.58,26.1,25.58,25.58,73.0,1016.0,8.26,180,67,10000,Clouds,broken clouds,
332,3,2026-06-20 15:04:50+00:00,24.54,24.54,24.54,24.54,57.0,1011.0,3.52,181,100,10000,Clouds,overcast clouds,
333,4,2026-06-20 15:04:52+00:00,24.74,25.02,24.74,24.74,67.0,1017.0,5.05,146,29,10000,Clouds,scattered clouds,
334,9,2026-06-20 15:04:54+00:00,24.45,24.78,24.45,24.45,70.0,1011.0,1.87,191,88,10000,Rain,light rain,
335,10,2026-06-20 15:04:55+00:00,21.94,21.47,21.94,21.94,49.0,1016.0,5.21,100,98,10000,Clouds,overcast clouds,
336,11,2026-06-20 15:04:57+00:00,19.05,18.76,19.05,19.05,67.0,1018.0,3.93,138,86,10000,Clouds,overcast clouds,
337,12,2026-06-20 15:04:58+00:00,19.91,19.73,19.91,19.91,68.0,1014.0,0.56,257,99,10000,Clouds,overcast clouds,
338,13,2026-06-20 15:05:00+00:00,25.62,25.96,25.62,25.62,66.0,1014.0,2.05,155,86,10000,Clouds,overcast clouds,
339,14,2026-06-20 15:05:02+00:00,32.89,33.01,32.89,32.89,37.0,1006.0,1.17,278,90,10000,Clouds,overcast clouds,
340,15,2026-06-20 15:05:03+00:00,21.42,20.51,21.42,21.42,34.0,1012.0,3.91,97,99,10000,Clouds,overcast clouds,
341,16,2026-06-20 15:05:05+00:00,27.59,27.51,27.59,27.59,43.0,1010.0,2.66,146,94,10000,Clouds,overcast clouds,
342,17,2026-06-20 15:05:06+00:00,25.8,26.47,25.8,25.8,78.0,1015.0,6.24,198,95,10000,Clouds,overcast clouds,
343,18,2026-06-20 15:05:08+00:00,31.91,38.43,31.91,31.91,65.0,1005.0,3.84,45,73,10000,Clouds,broken clouds,
344,19,2026-06-20 15:05:09+00:00,23.29,22.22,23.29,23.29,21.0,1012.0,3.37,53,0,10000,Clear,clear sky,
345,20,2026-06-20 15:05:11+00:00,33.57,33.82,33.57,33.57,36.0,1007.0,0.76,304,20,10000,Clouds,few clouds,
346,21,2026-06-20 15:05:12+00:00,24.97,24.25,24.97,24.97,28.0,1014.0,2.66,118,14,10000,Clouds,few clouds,
347,22,2026-06-20 15:01:20+00:00,21.78,21.82,21.78,21.78,69.0,1014.0,1.07,128,82,10000,Clouds,broken clouds,
348,23,2026-06-20 15:05:15+00:00,34.58,34.7,34.58,34.58,33.0,1007.0,1.2,302,33,10000,Clouds,scattered clouds,
349,24,2026-06-20 15:05:16+00:00,24.15,25.02,24.15,24.15,92.0,1010.0,0.83,19,83,10000,Rain,moderate rain,
350,25,2026-06-20 15:05:18+00:00,27.34,30.51,27.34,27.34,80.0,1010.0,3.34,216,100,10000,Rain,light rain,
351,26,2026-06-20 15:05:20+00:00,33.23,34.61,33.23,33.23,42.0,1006.0,1.55,150,64,10000,Clouds,broken clouds,
352,27,2026-06-20 15:05:21+00:00,41.23,40.12,41.23,41.23,17.0,1004.0,4.53,103,83,10000,Clouds,broken clouds,
353,28,2026-06-20 15:05:23+00:00,26.52,26.52,26.52,26.52,72.0,1010.0,3.54,238,93,10000,Clouds,overcast clouds,
354,29,2026-06-20 15:05:24+00:00,26.85,29.76,26.85,26.85,84.0,1011.0,3.44,235,93,10000,Rain,moderate rain,
355,1,2026-06-20 17:38:53+00:00,16.52,16.39,16.52,16.52,83.0,1019.0,3.77,92,88,10000,Rain,light rain,
356,2,2026-06-20 17:38:55+00:00,24.69,25.25,24.69,24.69,78.0,1018.0,8.6,166,80,10000,Rain,light rain,
357,3,2026-06-20 17:38:56+00:00,19.3,19.43,19.3,19.3,82.0,1013.0,1.69,207,100,10000,Clouds,overcast clouds,
358,4,2026-06-20 17:38:57+00:00,22.99,23.3,22.99,22.99,75.0,1018.0,3.94,148,24,10000,Clouds,few clouds,
359,9,2026-06-20 17:38:58+00:00,20.81,20.96,20.81,20.81,77.0,1014.0,0.74,228,64,10000,Rain,light rain,
360,10,2026-06-20 17:38:59+00:00,17.98,17.48,17.98,17.98,63.0,1019.0,5.14,97,73,10000,Clouds,broken clouds,
361,11,2026-06-20 17:39:00+00:00,16.7,16.51,16.7,16.7,80.0,1020.0,3.03,104,86,10000,Clouds,overcast clouds,
362,12,2026-06-20 17:39:02+00:00,17.96,17.72,17.96,17.96,73.0,1016.0,1.04,298,92,10000,Clouds,overcast clouds,
363,13,2026-06-20 17:39:03+00:00,24.49,24.64,24.49,24.49,63.0,1015.0,0.85,132,82,10000,Clouds,broken clouds,
364,14,2026-06-20 17:39:04+00:00,28.68,29.04,28.68,28.68,48.0,1009.0,1.09,184,81,10000,Rain,light rain,
365,15,2026-06-20 17:39:05+00:00,17.34,16.49,17.34,17.34,52.0,1016.0,2.19,84,85,10000,Clouds,overcast clouds,
366,16,2026-06-20 17:39:06+00:00,24.27,24.24,24.27,24.27,57.0,1013.0,7.83,161,97,10000,Clouds,overcast clouds,
367,17,2026-06-20 17:39:07+00:00,25.3,25.97,25.3,25.3,80.0,1016.0,4.5,192,98,10000,Clouds,overcast clouds,
368,18,2026-06-20 17:39:09+00:00,30.62,37.45,30.62,30.62,73.0,1007.0,2.89,40,70,10000,Clouds,broken clouds,
369,19,2026-06-20 17:39:10+00:00,21.03,19.89,21.03,21.03,27.0,1014.0,1.94,25,12,10000,Clouds,few clouds,
370,20,2026-06-20 17:39:11+00:00,27.76,28.19,27.76,27.76,50.0,1008.0,2.05,275,15,10000,Clouds,few clouds,
371,21,2026-06-20 17:39:12+00:00,17.16,16.0,17.16,17.16,41.0,1017.0,2.0,146,61,10000,Clouds,broken clouds,
372,22,2026-06-20 17:39:13+00:00,18.35,18.23,18.35,18.35,76.0,1017.0,1.88,102,88,10000,Clouds,overcast clouds,
373,23,2026-06-20 17:39:14+00:00,29.95,30.25,29.95,29.95,45.0,1008.0,2.13,293,15,10000,Clouds,few clouds,
374,24,2026-06-20 17:39:16+00:00,20.76,21.45,20.76,20.76,98.0,1011.0,1.25,263,90,10000,Rain,light rain,
375,25,2026-06-20 17:39:17+00:00,24.45,25.38,24.45,24.45,93.0,1011.0,2.02,210,100,3363,Rain,moderate rain,
376,26,2026-06-20 17:39:18+00:00,26.54,26.54,26.54,26.54,67.0,1008.0,0.68,146,85,10000,Clouds,overcast clouds,
377,27,2026-06-20 17:39:19+00:00,34.65,34.8,34.65,34.65,33.0,1006.0,6.31,121,95,10000,Rain,light rain,
378,28,2026-06-20 17:39:20+00:00,25.01,25.68,25.01,25.01,81.0,1011.0,3.39,250,92,10000,Clouds,overcast clouds,
379,29,2026-06-20 17:39:22+00:00,25.97,25.97,25.97,25.97,88.0,1011.0,1.94,200,91,5369,Rain,moderate rain,
380,1,2026-06-20 19:43:33+00:00,15.82,15.68,15.82,15.82,85.0,1020.0,2.36,80,100,10000,Clouds,overcast clouds,
381,2,2026-06-20 19:43:35+00:00,24.64,25.22,24.64,24.64,79.0,1018.0,7.57,165,16,10000,Clouds,few clouds,
382,3,2026-06-20 19:43:36+00:00,19.02,19.14,19.02,19.02,83.0,1014.0,1.02,186,100,10000,Clouds,overcast clouds,
383,4,2026-06-20 19:43:37+00:00,22.74,23.03,22.74,22.74,75.0,1019.0,3.81,151,39,10000,Clouds,scattered clouds,
384,9,2026-06-20 19:43:38+00:00,19.85,19.95,19.85,19.85,79.0,1015.0,1.9,108,29,10000,Clouds,scattered clouds,
385,10,2026-06-20 19:43:39+00:00,17.39,16.8,17.39,17.39,62.0,1020.0,5.09,93,14,10000,Clouds,few clouds,
386,11,2026-06-20 19:43:40+00:00,15.63,15.55,15.63,15.63,88.0,1021.0,2.64,93,81,10000,Clouds,broken clouds,
387,12,2026-06-20 19:43:41+00:00,16.71,16.45,16.71,16.71,77.0,1017.0,1.22,305,61,10000,Clouds,broken clouds,
388,13,2026-06-20 19:43:42+00:00,24.3,24.35,24.3,24.3,60.0,1015.0,0.49,38,89,10000,Clouds,overcast clouds,
389,14,2026-06-20 19:43:43+00:00,26.28,26.28,26.28,26.28,59.0,1010.0,2.5,196,91,10000,Clouds,overcast clouds,
390,15,2026-06-20 19:43:44+00:00,15.81,15.04,15.81,15.81,61.0,1017.0,1.52,57,91,10000,Clouds,overcast clouds,
391,16,2026-06-20 19:43:46+00:00,22.89,22.85,22.89,22.89,62.0,1014.0,7.25,161,93,10000,Clouds,overcast clouds,
392,17,2026-06-20 19:43:47+00:00,25.25,25.89,25.25,25.25,79.0,1016.0,4.4,206,91,10000,Clouds,overcast clouds,
393,18,2026-06-20 19:43:48+00:00,30.01,36.86,30.01,30.01,77.0,1008.0,2.37,111,26,10000,Clouds,scattered clouds,
394,19,2026-06-20 19:43:49+00:00,19.67,18.45,19.67,19.67,29.0,1015.0,1.48,33,4,10000,Clear,clear sky,
395,20,2026-06-20 19:43:50+00:00,26.33,26.33,26.33,26.33,55.0,1010.0,2.64,229,29,10000,Clouds,scattered clouds,
396,21,2026-06-20 19:43:51+00:00,15.2,13.98,15.2,15.2,46.0,1019.0,2.48,135,2,10000,Clear,clear sky,
397,22,2026-06-20 19:43:52+00:00,18.03,17.9,18.03,18.03,77.0,1018.0,1.75,105,77,10000,Clouds,broken clouds,
398,23,2026-06-20 19:43:53+00:00,28.84,29.34,28.84,28.84,49.0,1010.0,2.83,235,38,10000,Clouds,scattered clouds,
399,24,2026-06-20 19:43:54+00:00,20.29,20.96,20.29,20.29,99.0,1013.0,1.18,254,100,10000,Clouds,overcast clouds,
400,25,2026-06-20 19:43:55+00:00,24.03,24.97,24.03,24.03,95.0,1012.0,2.23,222,100,10000,Rain,moderate rain,
401,26,2026-06-20 19:43:56+00:00,24.65,25.23,24.65,24.65,79.0,1010.0,1.64,176,58,10000,Rain,light rain,
402,27,2026-06-20 19:43:58+00:00,27.4,28.78,27.4,27.4,62.0,1010.0,8.78,179,100,10000,Clouds,overcast clouds,
403,28,2026-06-20 19:43:59+00:00,24.76,25.43,24.76,24.76,82.0,1013.0,3.26,238,76,10000,Clouds,broken clouds,
404,29,2026-06-20 19:44:00+00:00,26.01,26.01,26.01,26.01,88.0,1013.0,1.48,228,100,10000,Rain,moderate rain,
405,1,2026-06-20 21:22:06+00:00,15.28,15.14,15.28,15.28,87.0,1020.0,2.5,72,97,10000,Clouds,overcast clouds,
406,2,2026-06-20 21:18:59+00:00,24.57,25.12,24.57,24.57,78.0,1018.0,7.2,165,24,10000,Clouds,few clouds,
407,3,2026-06-20 21:22:08+00:00,19.1,19.21,19.1,19.1,82.0,1014.0,1.0,160,100,10000,Clouds,overcast clouds,
408,4,2026-06-20 21:22:10+00:00,22.36,22.61,22.36,22.36,75.0,1018.0,3.62,154,28,10000,Clouds,scattered clouds,
409,9,2026-06-20 21:22:12+00:00,19.3,19.37,19.3,19.3,80.0,1015.0,2.12,97,24,10000,Clouds,few clouds,
410,10,2026-06-20 21:22:13+00:00,17.12,16.51,17.12,17.12,62.0,1019.0,4.48,95,15,10000,Clouds,few clouds,
411,11,2026-06-20 21:22:15+00:00,15.1,15.02,15.1,15.1,90.0,1021.0,2.53,90,77,10000,Clouds,broken clouds,
412,12,2026-06-20 21:22:17+00:00,16.87,16.6,16.87,16.87,76.0,1017.0,1.33,314,60,10000,Clouds,broken clouds,
413,13,2026-06-20 21:22:18+00:00,23.31,23.32,23.31,23.31,62.0,1015.0,0.95,48,87,10000,Clouds,overcast clouds,
414,14,2026-06-20 21:22:20+00:00,25.27,25.47,25.27,25.27,62.0,1010.0,0.95,184,79,10000,Clouds,broken clouds,
415,15,2026-06-20 21:22:21+00:00,15.39,14.63,15.39,15.39,63.0,1017.0,1.32,45,94,10000,Clouds,overcast clouds,
416,16,2026-06-20 21:22:23+00:00,22.58,22.56,22.58,22.58,64.0,1014.0,7.96,164,95,10000,Clouds,overcast clouds,
417,17,2026-06-20 21:19:20+00:00,25.23,25.87,25.23,25.23,79.0,1015.0,4.53,213,94,10000,Clouds,overcast clouds,
418,18,2026-06-20 21:22:25+00:00,29.97,36.22,29.97,29.97,75.0,1008.0,1.4,330,42,10000,Clouds,scattered clouds,
419,19,2026-06-20 21:19:21+00:00,19.06,17.8,19.06,19.06,30.0,1015.0,1.86,31,3,10000,Clear,clear sky,
420,20,2026-06-20 21:22:28+00:00,25.84,25.97,25.84,25.84,57.0,1011.0,2.58,228,43,10000,Clouds,scattered clouds,
421,21,2026-06-20 21:22:30+00:00,15.37,14.16,15.37,15.37,46.0,1019.0,3.47,120,32,10000,Clouds,scattered clouds,
422,22,2026-06-20 21:22:18+00:00,17.45,17.29,17.45,17.45,78.0,1017.0,1.49,102,53,10000,Clouds,broken clouds,
423,23,2026-06-20 21:22:32+00:00,28.73,29.2,28.73,28.73,49.0,1011.0,2.87,243,58,10000,Clouds,broken clouds,
424,24,2026-06-20 21:22:34+00:00,20.05,20.7,20.05,20.05,99.0,1014.0,1.29,274,100,10000,Clouds,overcast clouds,
425,25,2026-06-20 21:22:35+00:00,23.98,24.91,23.98,23.98,95.0,1013.0,1.92,220,100,10000,Rain,light rain,
426,26,2026-06-20 21:22:37+00:00,22.19,22.97,22.19,22.19,96.0,1012.0,3.97,171,72,10000,Rain,moderate rain,
427,27,2026-06-20 21:22:38+00:00,27.04,28.43,27.04,27.04,64.0,1011.0,7.63,186,100,10000,Clouds,overcast clouds,
428,28,2026-06-20 21:22:40+00:00,24.72,25.39,24.72,24.72,82.0,1013.0,3.91,229,84,10000,Clouds,broken clouds,
429,29,2026-06-20 21:19:23+00:00,25.72,26.67,25.72,25.72,89.0,1013.0,2.33,235,100,10000,Rain,moderate rain,
430,1,2026-06-20 23:13:26+00:00,14.14,13.99,14.14,14.14,91.0,1019.0,1.91,53,83,10000,Clouds,broken clouds,
431,2,2026-06-20 23:13:28+00:00,23.91,24.39,23.91,23.91,78.0,1017.0,6.93,171,22,10000,Rain,light rain,
432,3,2026-06-20 23:13:29+00:00,20.3,20.37,20.3,20.3,76.0,1012.0,0.67,139,100,10000,Clouds,overcast clouds,
433,4,2026-06-20 23:13:31+00:00,21.56,21.76,21.56,21.56,76.0,1017.0,3.36,172,22,10000,Clouds,few clouds,
434,9,2026-06-20 23:13:32+00:00,18.47,18.49,18.47,18.47,81.0,1014.0,2.31,67,24,10000,Clouds,few clouds,
435,10,2026-06-20 23:13:34+00:00,15.27,14.73,15.27,15.27,72.0,1019.0,2.57,92,12,10000,Clouds,few clouds,
436,11,2026-06-20 23:13:35+00:00,14.05,13.91,14.05,14.05,92.0,1020.0,1.97,80,67,10000,Clouds,broken clouds,
437,12,2026-06-20 23:13:37+00:00,15.4,15.14,15.4,15.4,82.0,1016.0,1.42,317,45,10000,Clouds,scattered clouds,
438,13,2026-06-20 23:13:39+00:00,22.99,22.86,22.99,22.99,58.0,1014.0,1.25,61,72,10000,Clouds,broken clouds,
439,14,2026-06-20 23:13:40+00:00,25.09,25.27,25.09,25.09,62.0,1009.0,0.95,219,74,10000,Clouds,broken clouds,
440,15,2026-06-20 23:13:42+00:00,14.55,13.76,14.55,14.55,65.0,1016.0,1.35,90,96,10000,Clouds,overcast clouds,
441,16,2026-06-20 23:13:43+00:00,21.55,21.54,21.55,21.55,68.0,1013.0,7.28,164,97,10000,Clouds,overcast clouds,
442,17,2026-06-20 23:13:45+00:00,25.03,25.63,25.03,25.03,78.0,1014.0,4.98,221,97,10000,Clouds,overcast clouds,
443,18,2026-06-20 23:13:46+00:00,29.83,35.84,29.83,29.83,75.0,1007.0,2.04,320,65,10000,Clouds,broken clouds,
444,19,2026-06-20 23:13:48+00:00,17.85,16.55,17.85,17.85,33.0,1014.0,0.72,29,2,10000,Clear,clear sky,
445,20,2026-06-20 23:13:49+00:00,24.23,24.3,24.23,24.23,61.0,1011.0,1.96,222,31,10000,Clouds,scattered clouds,
446,21,2026-06-20 23:13:51+00:00,13.63,12.51,13.63,13.63,56.0,1019.0,2.22,116,20,10000,Clouds,few clouds,
447,22,2026-06-20 23:13:52+00:00,16.83,16.63,16.83,16.83,79.0,1016.0,1.58,83,33,10000,Clouds,scattered clouds,
448,23,2026-06-20 23:13:54+00:00,26.88,27.54,26.88,26.88,54.0,1011.0,1.58,249,42,10000,Clouds,scattered clouds,
449,24,2026-06-20 23:13:55+00:00,20.25,20.92,20.25,20.25,99.0,1014.0,1.37,284,100,1858,Clouds,overcast clouds,
450,25,2026-06-20 23:13:57+00:00,23.88,24.8,23.88,23.88,95.0,1013.0,1.08,179,100,6947,Rain,moderate rain,
451,26,2026-06-20 23:13:58+00:00,20.79,21.48,20.79,20.79,98.0,1012.0,1.45,230,83,10000,Rain,light rain,
452,27,2026-06-20 23:14:00+00:00,28.34,29.48,28.34,28.34,56.0,1010.0,3.58,200,100,10000,Clouds,overcast clouds,
453,28,2026-06-20 23:14:01+00:00,24.38,25.07,24.38,24.38,84.0,1013.0,4.26,212,91,10000,Clouds,overcast clouds,
454,29,2026-06-20 23:14:03+00:00,25.8,26.76,25.8,25.8,89.0,1014.0,2.81,228,100,10000,Rain,light rain,
455,1,2026-06-21 04:49:02+00:00,14.59,14.48,14.59,14.59,91.0,1020.0,1.93,67,95,10000,Clouds,overcast clouds,
456,2,2026-06-21 04:49:03+00:00,25.02,25.35,25.02,25.02,68.0,1018.0,7.37,177,45,10000,Clouds,scattered clouds,
457,3,2026-06-21 04:49:04+00:00,19.89,20.18,19.89,19.89,86.0,1014.0,0.93,125,91,10000,Rain,light rain,
458,4,2026-06-21 04:49:05+00:00,21.95,22.16,21.95,21.95,75.0,1019.0,2.92,208,22,10000,Clouds,few clouds,
459,9,2026-06-21 04:49:06+00:00,19.12,19.07,19.12,19.12,76.0,1016.0,2.03,68,26,10000,Clouds,scattered clouds,
460,10,2026-06-21 04:49:07+00:00,15.43,15.04,15.43,15.43,77.0,1020.0,4.01,93,3,10000,Clear,clear sky,
461,11,2026-06-21 04:49:08+00:00,15.27,15.12,15.27,15.27,87.0,1020.0,3.58,94,61,10000,Clouds,broken clouds,
462,12,2026-06-21 04:49:09+00:00,14.92,14.61,14.92,14.92,82.0,1017.0,0.8,221,79,10000,Clouds,broken clouds,
463,13,2026-06-21 04:49:11+00:00,22.28,22.18,22.28,22.28,62.0,1017.0,1.1,115,23,10000,Clouds,few clouds,
464,14,2026-06-21 04:49:12+00:00,23.79,24.1,23.79,23.79,72.0,1012.0,1.47,154,13,10000,Clouds,few clouds,
465,15,2026-06-21 04:49:13+00:00,16.93,16.19,16.93,16.93,58.0,1017.0,1.45,92,84,10000,Clouds,broken clouds,
466,16,2026-06-21 04:49:14+00:00,24.86,24.76,24.86,24.86,52.0,1014.0,5.24,170,59,10000,Clouds,broken clouds,
467,17,2026-06-21 04:49:15+00:00,25.81,26.4,25.81,25.81,75.0,1016.0,5.88,212,71,10000,Rain,light rain,
468,18,2026-06-21 04:49:16+00:00,31.04,35.71,31.04,31.04,63.0,1008.0,2.07,9,75,10000,Clouds,broken clouds,
469,19,2026-06-21 04:49:17+00:00,21.42,20.09,21.42,21.42,18.0,1015.0,2.17,61,30,10000,Clouds,scattered clouds,
470,20,2026-06-21 04:49:18+00:00,20.11,20.21,20.11,20.11,78.0,1013.0,1.88,266,65,10000,Clouds,broken clouds,
471,21,2026-06-21 04:44:21+00:00,10.45,9.46,10.45,10.45,73.0,1022.0,2.09,122,0,10000,Clear,clear sky,
472,22,2026-06-21 04:49:20+00:00,18.02,17.86,18.02,18.02,76.0,1017.0,0.81,90,36,10000,Clouds,scattered clouds,
473,23,2026-06-21 04:49:22+00:00,22.18,22.33,22.18,22.18,72.0,1013.0,2.59,276,79,10000,Clouds,broken clouds,
474,24,2026-06-21 04:49:23+00:00,19.71,20.32,19.71,19.71,99.0,1014.0,0.66,258,100,2429,Rain,moderate rain,
475,25,2026-06-21 04:49:24+00:00,23.3,24.22,23.3,23.3,97.0,1013.0,0.88,110,100,10000,Rain,light rain,
476,26,2026-06-21 04:49:25+00:00,21.4,22.15,21.4,21.4,98.0,1012.0,0.71,18,99,10000,Rain,light rain,
477,27,2026-06-21 04:49:26+00:00,29.67,30.29,29.67,29.67,48.0,1009.0,1.46,223,99,10000,Clouds,overcast clouds,
478,28,2026-06-21 04:49:27+00:00,23.41,24.05,23.41,23.41,86.0,1013.0,3.81,179,100,10000,Clouds,overcast clouds,
479,29,2026-06-21 04:49:28+00:00,24.94,25.87,24.94,24.94,91.0,1013.0,2.62,102,100,10000,Rain,moderate rain,
480,1,2026-06-21 08:58:52+00:00,18.68,18.35,18.68,18.68,67.0,1019.0,1.63,82,99,10000,Clouds,overcast clouds,
481,2,2026-06-21 08:58:54+00:00,27.23,27.99,27.23,27.23,55.0,1018.0,8.5,172,49,10000,Clouds,scattered clouds,
482,3,2026-06-21 08:58:55+00:00,27.45,27.51,27.45,27.45,45.0,1014.0,3.7,167,10,10000,Rain,light rain,
483,4,2026-06-21 08:58:57+00:00,27.72,28.14,27.72,27.72,50.0,1019.0,5.28,167,76,10000,Clouds,broken clouds,
484,9,2026-06-21 08:58:59+00:00,25.09,25.14,25.09,25.09,57.0,1014.0,1.96,267,5,10000,Clear,clear sky,
485,10,2026-06-21 08:59:00+00:00,23.38,22.82,23.38,23.38,40.0,1019.0,4.32,108,15,10000,Clouds,few clouds,
486,11,2026-06-21 08:59:02+00:00,18.2,17.93,18.2,18.2,71.0,1020.0,3.15,102,97,10000,Clouds,overcast clouds,
487,12,2026-06-21 08:59:03+00:00,23.77,23.48,23.77,23.77,49.0,1016.0,2.39,179,3,10000,Clear,clear sky,
488,13,2026-06-21 08:59:05+00:00,27.72,28.31,27.72,27.72,52.0,1016.0,2.61,180,5,10000,Clear,clear sky,
489,14,2026-06-21 08:59:06+00:00,35.01,35.36,35.01,35.01,33.0,1011.0,1.81,127,5,10000,Clear,clear sky,
490,15,2026-06-21 08:59:08+00:00,22.34,21.49,22.34,22.34,33.0,1013.0,4.99,128,60,10000,Clouds,broken clouds,
491,16,2026-06-21 08:59:10+00:00,31.32,29.64,31.32,31.32,25.0,1011.0,2.55,58,35,10000,Clouds,scattered clouds,
492,17,2026-06-21 08:59:11+00:00,27.17,29.24,27.17,27.17,71.0,1015.0,8.52,198,57,10000,Rain,light rain,
493,18,2026-06-21 08:59:13+00:00,34.1,37.31,34.1,34.1,46.0,1007.0,2.55,13,29,10000,Clouds,scattered clouds,
494,19,2026-06-21 08:59:14+00:00,24.52,23.52,24.52,24.52,19.0,1014.0,4.98,58,0,10000,Clear,clear sky,
495,20,2026-06-21 08:59:15+00:00,27.11,27.59,27.11,27.11,51.0,1014.0,2.56,238,40,10000,Clouds,scattered clouds,
496,21,2026-06-21 08:59:17+00:00,21.41,20.55,21.41,21.41,36.0,1020.0,4.61,97,0,10000,Clear,clear sky,
497,22,2026-06-21 08:59:19+00:00,24.28,24.1,24.28,24.28,51.0,1016.0,3.18,215,3,10000,Clear,clear sky,
498,23,2026-06-21 08:59:20+00:00,28.1,28.38,28.1,28.1,48.0,1014.0,2.62,236,52,10000,Clouds,broken clouds,
499,24,2026-06-21 08:59:22+00:00,20.3,20.97,20.3,20.3,99.0,1016.0,0.32,220,100,10000,Rain,light rain,
500,25,2026-06-21 08:59:23+00:00,25.96,25.96,25.96,25.96,87.0,1015.0,1.92,196,99,6318,Rain,moderate rain,
501,26,2026-06-21 08:58:34+00:00,22.37,23.2,22.37,22.37,97.0,1014.0,2.29,310,100,10000,Rain,light rain,
502,27,2026-06-21 08:59:26+00:00,35.71,36.21,35.71,35.71,32.0,1011.0,3.46,135,96,10000,Clouds,overcast clouds,
503,28,2026-06-21 08:59:28+00:00,25.64,26.17,25.64,25.64,73.0,1015.0,3.56,190,100,10000,Clouds,overcast clouds,
504,29,2026-06-21 08:59:29+00:00,25.27,26.23,25.27,25.27,91.0,1016.0,1.45,263,100,10000,Rain,moderate rain,
505,1,2026-06-21 11:42:02+00:00,20.18,19.82,20.18,20.18,60.0,1016.0,3.23,110,92,10000,Clouds,overcast clouds,
506,2,2026-06-21 11:49:58+00:00,27.55,28.28,27.55,27.55,54.0,1016.0,8.37,178,37,10000,Clouds,scattered clouds,
507,3,2026-06-21 11:49:59+00:00,27.2,27.35,27.2,27.2,46.0,1012.0,4.41,176,28,10000,Clouds,scattered clouds,
508,4,2026-06-21 11:49:25+00:00,28.14,28.25,28.14,28.14,46.0,1017.0,5.73,154,81,10000,Clouds,broken clouds,
509,9,2026-06-21 11:50:02+00:00,25.88,26.06,25.88,25.88,59.0,1011.0,2.49,240,8,10000,Clear,clear sky,
510,10,2026-06-21 11:50:04+00:00,25.7,25.14,25.7,25.7,31.0,1015.0,4.39,102,38,10000,Clouds,scattered clouds,
511,11,2026-06-21 11:50:05+00:00,18.89,18.56,18.89,18.89,66.0,1018.0,2.64,122,98,10000,Clouds,overcast clouds,
512,12,2026-06-21 11:49:49+00:00,24.92,24.54,24.92,24.92,41.0,1013.0,4.47,210,14,10000,Clouds,few clouds,
513,13,2026-06-21 11:50:08+00:00,28.86,29.14,28.86,28.86,47.0,1013.0,3.05,183,11,10000,Clouds,few clouds,
514,14,2026-06-21 11:50:10+00:00,36.96,36.87,36.96,36.96,27.0,1007.0,1.49,145,13,10000,Clouds,few clouds,
515,15,2026-06-21 11:50:11+00:00,25.82,24.95,25.82,25.82,19.0,1009.0,5.98,80,79,10000,Clouds,broken clouds,
516,16,2026-06-21 11:50:13+00:00,31.86,30.26,31.86,31.86,26.0,1009.0,3.8,60,47,10000,Clouds,scattered clouds,
517,17,2026-06-21 11:50:15+00:00,26.77,28.62,26.77,26.77,72.0,1013.0,8.73,202,65,10000,Rain,light rain,
518,18,2026-06-21 11:50:16+00:00,34.93,39.39,34.93,34.93,47.0,1004.0,4.92,58,14,10000,Clouds,few clouds,
519,19,2026-06-21 11:50:18+00:00,25.28,24.36,25.28,25.28,19.0,1012.0,5.92,53,0,10000,Clear,clear sky,
520,20,2026-06-21 11:50:19+00:00,32.73,32.6,32.73,32.73,36.0,1010.0,2.14,243,29,10000,Clouds,scattered clouds,
521,21,2026-06-21 11:41:56+00:00,25.39,24.64,25.39,25.39,25.0,1016.0,3.54,112,0,10000,Clear,clear sky,
522,22,2026-06-21 11:50:22+00:00,23.81,23.68,23.81,23.81,55.0,1014.0,1.71,234,22,10000,Clouds,few clouds,
523,23,2026-06-21 11:50:23+00:00,33.56,33.41,33.56,33.56,34.0,1010.0,2.22,233,29,10000,Clouds,scattered clouds,
524,24,2026-06-21 11:50:25+00:00,20.38,21.06,20.38,20.38,99.0,1015.0,0.6,97,100,10000,Rain,light rain,
525,25,2026-06-21 11:50:27+00:00,24.23,25.16,24.23,24.23,94.0,1014.0,1.87,197,99,10000,Rain,light rain,
526,26,2026-06-21 11:50:28+00:00,23.86,24.63,23.86,23.86,89.0,1012.0,0.98,251,100,10000,Clouds,overcast clouds,
527,27,2026-06-21 11:50:30+00:00,39.3,39.6,39.3,39.3,24.0,1008.0,3.41,121,87,10000,Clouds,overcast clouds,
528,28,2026-06-21 11:50:32+00:00,26.53,26.53,26.53,26.53,70.0,1014.0,3.78,216,98,10000,Clouds,overcast clouds,
529,29,2026-06-21 11:50:33+00:00,25.57,26.51,25.57,25.57,89.0,1014.0,3.78,240,100,10000,Rain,moderate rain,
530,1,2026-06-21 14:10:02+00:00,19.48,19.1,19.48,19.48,62.0,1015.0,2.72,117,81,10000,Clouds,broken clouds,
531,2,2026-06-21 14:18:48+00:00,26.44,26.44,26.44,26.44,63.0,1016.0,8.03,182,26,10000,Clouds,scattered clouds,
532,3,2026-06-21 14:11:35+00:00,25.75,25.69,25.75,25.75,50.0,1011.0,4.25,189,18,10000,Clouds,few clouds,
533,4,2026-06-21 14:19:00+00:00,26.12,26.12,26.12,26.12,50.0,1017.0,4.98,155,16,10000,Clouds,few clouds,
534,9,2026-06-21 14:21:08+00:00,26.09,26.09,26.09,26.09,63.0,1010.0,3.22,238,9,10000,Clear,clear sky,
535,10,2026-06-21 14:11:36+00:00,24.56,23.88,24.56,24.56,31.0,1015.0,4.39,109,21,10000,Clouds,few clouds,
536,11,2026-06-21 14:21:10+00:00,20.08,19.66,20.08,20.08,58.0,1017.0,3.54,114,68,10000,Clouds,broken clouds,
537,12,2026-06-21 14:19:15+00:00,24.92,24.49,24.92,24.92,39.0,1012.0,2.24,170,16,10000,Clouds,few clouds,
538,13,2026-06-21 14:21:13+00:00,28.08,28.54,28.08,28.08,50.0,1012.0,3.58,180,56,10000,Clouds,broken clouds,
539,14,2026-06-21 14:11:37+00:00,36.19,36.21,36.19,36.19,29.0,1006.0,0.55,37,64,10000,Clouds,broken clouds,
540,15,2026-06-21 14:21:15+00:00,23.36,22.43,23.36,23.36,26.0,1010.0,7.96,78,100,10000,Clouds,overcast clouds,
541,16,2026-06-21 14:21:16+00:00,29.94,28.77,29.94,29.94,31.0,1009.0,2.82,125,88,10000,Clouds,overcast clouds,
542,17,2026-06-21 14:11:36+00:00,25.69,26.3,25.69,25.69,76.0,1013.0,7.98,201,100,10000,Rain,light rain,
543,18,2026-06-21 14:21:19+00:00,33.95,38.97,33.95,33.95,52.0,1003.0,3.97,75,2,10000,Clear,clear sky,
544,19,2026-06-21 14:11:37+00:00,23.99,23.02,23.99,23.99,22.0,1012.0,6.17,61,9,10000,Clear,clear sky,
545,20,2026-06-21 14:11:36+00:00,33.31,33.24,33.31,33.31,35.0,1009.0,1.54,231,13,10000,Clouds,few clouds,
546,21,2026-06-21 14:19:12+00:00,25.12,24.34,25.12,25.12,25.0,1014.0,3.42,119,0,10000,Clear,clear sky,
547,22,2026-06-21 14:21:24+00:00,23.65,23.56,23.65,23.65,57.0,1013.0,0.46,227,33,10000,Rain,light rain,
548,23,2026-06-21 14:08:05+00:00,34.33,34.32,34.33,34.33,33.0,1009.0,1.82,205,28,10000,Clouds,scattered clouds,
549,24,2026-06-21 14:11:35+00:00,21.51,22.2,21.51,21.51,95.0,1013.0,0.72,289,99,10000,Clouds,overcast clouds,
550,25,2026-06-21 14:19:11+00:00,24.34,25.28,24.34,24.34,94.0,1012.0,1.62,209,100,10000,Rain,light rain,
551,26,2026-06-21 14:21:28+00:00,26.39,26.39,26.39,26.39,74.0,1010.0,0.79,3,100,10000,Clouds,overcast clouds,
552,27,2026-06-21 14:11:36+00:00,40.5,40.09,40.5,40.5,20.0,1006.0,3.77,108,58,10000,Clouds,broken clouds,
553,28,2026-06-21 14:11:38+00:00,26.36,26.36,26.36,26.36,71.0,1012.0,4.49,231,95,10000,Clouds,overcast clouds,
554,29,2026-06-21 14:19:17+00:00,25.65,26.57,25.65,25.65,88.0,1013.0,2.8,237,100,10000,Rain,moderate rain,
555,1,2026-06-21 16:47:54+00:00,15.69,15.51,15.69,15.69,84.0,1018.0,2.85,140,74,10000,Clouds,broken clouds,
556,2,2026-06-21 16:47:55+00:00,24.63,24.95,24.63,24.63,69.0,1017.0,7.46,178,12,10000,Clouds,few clouds,
557,3,2026-06-21 16:47:57+00:00,20.1,20.15,20.1,20.1,76.0,1014.0,1.92,205,37,10000,Clouds,scattered clouds,
558,4,2026-06-21 16:45:39+00:00,22.2,22.41,22.2,22.2,74.0,1018.0,3.42,152,6,10000,Clear,clear sky,
559,9,2026-06-21 16:47:59+00:00,20.57,20.85,20.57,20.57,83.0,1014.0,2.3,279,16,10000,Rain,light rain,
560,10,2026-06-21 16:48:01+00:00,18.83,18.05,18.83,18.83,49.0,1018.0,5.05,99,13,10000,Clouds,few clouds,
561,11,2026-06-21 16:48:02+00:00,15.46,15.02,15.46,15.46,75.0,1019.0,2.63,90,54,10000,Clouds,broken clouds,
562,12,2026-06-21 16:48:04+00:00,18.24,17.82,18.24,18.24,65.0,1015.0,1.3,298,11,10000,Clouds,few clouds,
563,13,2026-06-21 16:48:06+00:00,23.65,23.87,23.65,23.65,69.0,1015.0,2.34,159,30,10000,Clouds,scattered clouds,
564,14,2026-06-21 16:48:07+00:00,29.29,29.11,29.29,29.29,42.0,1008.0,0.73,309,36,10000,Clouds,scattered clouds,
565,15,2026-06-21 16:48:09+00:00,18.25,17.15,18.25,18.25,39.0,1014.0,3.44,74,92,10000,Clouds,overcast clouds,
566,16,2026-06-21 16:48:10+00:00,24.72,24.58,24.72,24.72,51.0,1012.0,6.84,165,81,10000,Clouds,broken clouds,
567,17,2026-06-21 16:48:12+00:00,24.95,25.56,24.95,24.95,79.0,1015.0,7.74,209,86,10000,Rain,light rain,
568,18,2026-06-21 16:48:13+00:00,31.38,36.79,31.38,31.38,64.0,1005.0,1.71,56,8,10000,Clear,clear sky,
569,19,2026-06-21 16:48:15+00:00,21.68,20.56,21.68,21.68,25.0,1013.0,2.98,68,13,10000,Clouds,few clouds,
570,20,2026-06-21 16:48:16+00:00,28.43,28.85,28.43,28.43,49.0,1010.0,2.61,268,26,10000,Clouds,scattered clouds,
571,21,2026-06-21 16:48:17+00:00,17.01,15.84,17.01,17.01,41.0,1017.0,1.61,129,0,10000,Clear,clear sky,
572,22,2026-06-21 16:48:19+00:00,19.33,19.3,19.33,19.33,76.0,1016.0,1.39,51,43,10000,Clouds,scattered clouds,
573,23,2026-06-21 16:48:21+00:00,30.74,30.86,30.74,30.74,42.0,1009.0,2.85,269,34,10000,Clouds,scattered clouds,
574,24,2026-06-21 16:48:22+00:00,20.92,21.6,20.92,20.92,97.0,1014.0,0.92,342,95,10000,Rain,light rain,
575,25,2026-06-21 16:48:24+00:00,23.77,24.68,23.77,23.77,95.0,1013.0,1.71,221,100,10000,Rain,moderate rain,
576,26,2026-06-21 16:48:25+00:00,23.16,23.8,23.16,23.16,87.0,1010.0,1.02,288,100,10000,Clouds,overcast clouds,
577,27,2026-06-21 16:48:27+00:00,38.88,38.36,38.88,38.88,22.0,1006.0,1.18,85,74,10000,Clouds,broken clouds,
578,28,2026-06-21 16:48:28+00:00,25.33,25.93,25.33,25.33,77.0,1013.0,4.73,236,85,10000,Clouds,overcast clouds,
579,29,2026-06-21 16:48:30+00:00,25.45,26.37,25.45,25.45,89.0,1014.0,2.67,224,100,10000,Rain,light rain,
580,1,2026-06-21 18:18:59+00:00,16.07,15.98,16.07,16.07,86.0,1019.0,2.39,131,85,10000,Clouds,overcast clouds,
581,2,2026-06-21 18:18:59+00:00,22.52,22.73,22.52,22.52,73.0,1018.0,3.82,175,20,10000,Clouds,few clouds,
582,3,2026-06-21 18:15:40+00:00,19.21,19.33,19.21,19.21,82.0,1014.0,1.35,222,38,10000,Clouds,scattered clouds,
583,4,2026-06-21 18:19:01+00:00,20.21,20.48,20.21,20.21,84.0,1018.0,3.55,147,5,10000,Clear,clear sky,
584,9,2026-06-21 18:21:29+00:00,20.05,20.28,20.05,20.05,83.0,1015.0,1.38,294,22,10000,Rain,light rain,
585,10,2026-06-21 18:21:31+00:00,17.82,17.04,17.82,17.82,53.0,1019.0,5.45,94,5,10000,Clear,clear sky,
586,11,2026-06-21 18:21:32+00:00,14.56,14.11,14.56,14.56,78.0,1020.0,2.11,84,55,10000,Clouds,broken clouds,
587,12,2026-06-21 18:19:22+00:00,17.81,17.47,17.81,17.81,70.0,1017.0,1.55,320,23,10000,Clouds,few clouds,
588,13,2026-06-21 18:21:34+00:00,23.29,23.4,23.29,23.29,66.0,1016.0,1.99,141,16,10000,Clouds,few clouds,
589,14,2026-06-21 18:21:36+00:00,28.38,28.33,28.38,28.38,44.0,1008.0,0.88,221,39,10000,Clouds,scattered clouds,
590,15,2026-06-21 18:21:37+00:00,17.32,16.18,17.32,17.32,41.0,1016.0,2.79,64,71,10000,Clouds,broken clouds,
591,16,2026-06-21 18:21:39+00:00,23.94,23.75,23.94,23.94,52.0,1013.0,6.84,165,64,10000,Clouds,broken clouds,
592,17,2026-06-21 18:19:21+00:00,24.19,24.81,24.19,24.19,82.0,1016.0,6.3,204,75,10000,Clouds,broken clouds,
593,18,2026-06-21 18:21:41+00:00,31.42,35.76,31.42,31.42,60.0,1006.0,1.57,13,11,10000,Clouds,few clouds,
594,19,2026-06-21 18:19:22+00:00,21.25,20.06,21.25,21.25,24.0,1014.0,3.73,64,12,10000,Clouds,few clouds,
595,20,2026-06-21 18:21:44+00:00,26.76,27.42,26.76,26.76,54.0,1011.0,2.29,277,52,10000,Clouds,broken clouds,
596,21,2026-06-21 18:19:16+00:00,16.22,15.02,16.22,16.22,43.0,1019.0,2.05,125,2,10000,Clear,clear sky,
597,22,2026-06-21 18:21:47+00:00,18.27,18.24,18.27,18.27,80.0,1017.0,1.61,60,41,10000,Clouds,scattered clouds,
598,23,2026-06-21 18:21:48+00:00,28.87,29.38,28.87,28.87,49.0,1011.0,2.76,281,85,10000,Clouds,overcast clouds,
599,24,2026-06-21 18:15:29+00:00,19.97,20.61,19.97,19.97,99.0,1015.0,0.87,315,95,10000,Clouds,overcast clouds,
600,25,2026-06-21 18:19:15+00:00,23.28,24.2,23.28,23.28,97.0,1014.0,0.45,150,100,5458,Rain,light rain,
601,26,2026-06-21 18:21:52+00:00,22.77,23.43,22.77,22.77,89.0,1011.0,0.48,313,97,10000,Clouds,overcast clouds,
602,27,2026-06-21 18:19:20+00:00,37.1,36.82,37.1,37.1,26.0,1007.0,5.17,343,78,10000,Clouds,broken clouds,
603,28,2026-06-21 18:19:21+00:00,25.19,25.8,25.19,25.19,78.0,1015.0,6.54,218,55,10000,Clouds,broken clouds,
604,29,2026-06-21 18:19:24+00:00,26.03,26.03,26.03,26.03,82.0,1014.0,6.74,230,100,10000,Rain,light rain,
605,1,2026-06-21 20:17:45+00:00,15.54,15.42,15.54,15.54,87.0,1020.0,1.13,86,98,10000,Clouds,overcast clouds,
606,2,2026-06-21 20:26:58+00:00,24.27,24.61,24.27,24.27,71.0,1018.0,7.26,179,18,10000,Clouds,few clouds,
607,3,2026-06-21 20:27:00+00:00,18.71,18.8,18.71,18.71,83.0,1014.0,1.23,214,25,10000,Clouds,scattered clouds,
608,4,2026-06-21 20:27:02+00:00,21.01,21.36,21.01,21.01,84.0,1019.0,2.72,174,0,10000,Clear,clear sky,
609,9,2026-06-21 20:27:03+00:00,18.65,18.82,18.65,18.65,86.0,1016.0,1.53,97,38,10000,Rain,light rain,
610,10,2026-06-21 20:27:05+00:00,16.27,15.44,16.27,16.27,57.0,1020.0,4.59,97,5,10000,Clear,clear sky,
611,11,2026-06-21 20:27:06+00:00,13.92,13.43,13.92,13.92,79.0,1021.0,2.16,89,32,10000,Clouds,scattered clouds,
612,12,2026-06-21 20:27:08+00:00,15.9,15.45,15.9,15.9,73.0,1017.0,1.01,297,7,10000,Clear,clear sky,
613,13,2026-06-21 20:27:10+00:00,22.71,22.68,22.71,22.71,63.0,1016.0,1.07,120,8,10000,Clear,clear sky,
614,14,2026-06-21 20:27:11+00:00,26.7,27.04,26.7,26.7,48.0,1010.0,2.1,35,35,10000,Clouds,scattered clouds,
615,15,2026-06-21 20:27:13+00:00,15.96,14.79,15.96,15.96,45.0,1017.0,1.96,63,23,10000,Clouds,few clouds,
616,16,2026-06-21 20:27:14+00:00,22.93,22.71,22.93,22.93,55.0,1013.0,6.57,168,7,10000,Clear,clear sky,
617,17,2026-06-21 20:27:16+00:00,24.95,25.62,24.95,24.95,81.0,1016.0,8.38,213,42,10000,Clouds,scattered clouds,
618,18,2026-06-21 20:27:17+00:00,30.94,35.48,30.94,30.94,63.0,1006.0,0.59,33,13,10000,Clouds,few clouds,
619,19,2026-06-21 20:27:19+00:00,20.43,19.23,20.43,20.43,27.0,1014.0,4.73,57,76,10000,Clouds,broken clouds,
620,20,2026-06-21 20:27:20+00:00,24.64,24.78,24.64,24.64,62.0,1013.0,2.17,231,12,10000,Rain,light rain,
621,21,2026-06-21 20:27:22+00:00,14.29,12.98,14.29,14.29,46.0,1020.0,1.58,118,4,10000,Clear,clear sky,
622,22,2026-06-21 20:27:23+00:00,17.56,17.46,17.56,17.56,80.0,1018.0,1.25,67,28,10000,Clouds,scattered clouds,
623,23,2026-06-21 20:27:25+00:00,25.93,26.22,25.93,25.93,63.0,1013.0,1.51,245,17,10000,Rain,light rain,
624,24,2026-06-21 20:27:27+00:00,18.98,19.52,18.98,18.98,99.0,1016.0,1.05,287,68,10000,Clouds,broken clouds,
625,25,2026-06-21 20:27:28+00:00,23.18,24.06,23.18,23.18,96.0,1015.0,0.79,242,100,8540,Rain,moderate rain,
626,26,2026-06-21 20:27:30+00:00,22.48,23.11,22.48,22.48,89.0,1013.0,1.37,23,100,10000,Clouds,overcast clouds,
627,27,2026-06-21 20:27:31+00:00,30.68,31.57,30.68,30.68,47.0,1010.0,9.01,196,99,10000,Clouds,overcast clouds,
628,28,2026-06-21 20:27:33+00:00,24.72,25.31,24.72,24.72,79.0,1016.0,4.01,216,100,10000,Clouds,overcast clouds,
629,29,2026-06-21 20:27:35+00:00,25.25,26.18,25.25,25.25,90.0,1016.0,3.88,235,99,10000,Rain,light rain,
630,1,2026-06-21 22:12:41+00:00,14.12,13.99,14.12,14.12,92.0,1019.0,1.43,90,91,10000,Clouds,overcast clouds,
631,2,2026-06-21 22:17:31+00:00,24.0,24.36,24.0,24.0,73.0,1017.0,6.96,179,40,10000,Clouds,scattered clouds,
632,3,2026-06-21 22:17:32+00:00,18.54,18.54,18.54,18.54,80.0,1013.0,1.17,201,19,10000,Clouds,few clouds,
633,4,2026-06-21 22:15:55+00:00,20.58,20.99,20.58,20.58,88.0,1018.0,2.65,183,4,10000,Clear,clear sky,
634,9,2026-06-21 22:17:35+00:00,18.09,18.23,18.09,18.09,87.0,1015.0,2.47,94,35,10000,Clouds,scattered clouds,
635,10,2026-06-21 22:17:36+00:00,15.09,14.25,15.09,15.09,61.0,1020.0,3.84,97,5,10000,Clear,clear sky,
636,11,2026-06-21 22:17:38+00:00,12.59,12.1,12.59,12.59,84.0,1021.0,1.84,66,28,10000,Clouds,scattered clouds,
637,12,2026-06-21 22:17:39+00:00,15.04,14.61,15.04,15.04,77.0,1017.0,1.23,293,13,10000,Clouds,few clouds,
638,13,2026-06-21 22:17:41+00:00,22.13,22.02,22.13,22.13,62.0,1016.0,0.63,103,7,10000,Clear,clear sky,
639,14,2026-06-21 22:17:42+00:00,24.97,24.85,24.97,24.97,51.0,1010.0,1.33,3,45,10000,Clouds,scattered clouds,
640,15,2026-06-21 22:17:44+00:00,15.35,14.22,15.35,15.35,49.0,1016.0,0.66,350,33,10000,Clouds,scattered clouds,
641,16,2026-06-21 22:17:46+00:00,21.46,21.25,21.46,21.46,61.0,1013.0,7.3,164,5,10000,Clear,clear sky,
642,17,2026-06-21 22:17:47+00:00,24.82,25.45,24.82,24.82,80.0,1014.0,8.56,218,25,10000,Clouds,scattered clouds,
643,18,2026-06-21 22:17:49+00:00,30.21,34.34,30.21,30.21,65.0,1006.0,2.47,174,25,10000,Clouds,scattered clouds,
644,19,2026-06-21 22:17:50+00:00,18.11,17.1,18.11,18.11,43.0,1014.0,2.95,51,63,10000,Clouds,broken clouds,
645,20,2026-06-21 22:17:51+00:00,23.09,23.28,23.09,23.09,70.0,1013.0,1.22,239,18,10000,Clouds,few clouds,
646,21,2026-06-21 22:17:53+00:00,12.5,11.16,12.5,12.5,52.0,1021.0,2.09,124,2,10000,Clear,clear sky,
647,22,2026-06-21 22:17:55+00:00,17.28,17.13,17.28,17.28,79.0,1017.0,1.04,92,48,10000,Clouds,scattered clouds,
648,23,2026-06-21 22:17:56+00:00,25.34,25.6,25.34,25.34,64.0,1013.0,1.19,280,40,10000,Clouds,scattered clouds,
649,24,2026-06-21 22:17:58+00:00,18.64,19.14,18.64,18.64,99.0,1016.0,1.52,257,70,10000,Clouds,broken clouds,
650,25,2026-06-21 22:17:59+00:00,23.02,23.88,23.02,23.02,96.0,1016.0,1.14,245,95,10000,Rain,light rain,
651,26,2026-06-21 22:18:01+00:00,21.85,22.47,21.85,21.85,91.0,1014.0,0.91,27,100,10000,Rain,light rain,
652,27,2026-06-21 22:18:03+00:00,30.15,30.24,30.15,30.15,43.0,1011.0,4.97,187,100,10000,Clouds,overcast clouds,
653,28,2026-06-21 22:18:04+00:00,24.6,25.2,24.6,24.6,80.0,1016.0,3.66,214,97,10000,Clouds,overcast clouds,
654,29,2026-06-21 22:18:06+00:00,25.03,25.96,25.03,25.03,91.0,1016.0,3.78,236,97,3276,Rain,moderate rain,
655,1,2026-06-22 00:16:32+00:00,14.68,14.68,14.68,14.68,95.0,1018.0,1.16,115,91,10000,Clouds,overcast clouds,
656,2,2026-06-22 00:16:34+00:00,20.19,20.72,20.19,20.19,94.0,1017.0,2.48,203,46,10000,Clouds,scattered clouds,
657,3,2026-06-22 00:16:36+00:00,19.08,18.95,19.08,19.08,73.0,1013.0,0.88,177,38,10000,Clouds,scattered clouds,
658,4,2026-06-22 00:12:56+00:00,20.1,20.59,20.1,20.1,93.0,1018.0,2.78,197,3,10000,Clear,clear sky,
659,9,2026-06-22 00:16:38+00:00,18.04,18.17,18.04,18.04,87.0,1014.0,1.66,98,62,10000,Clouds,broken clouds,
660,10,2026-06-22 00:16:40+00:00,15.44,14.61,15.44,15.44,60.0,1019.0,4.81,109,7,10000,Clear,clear sky,
661,11,2026-06-22 00:16:41+00:00,13.63,13.22,13.63,13.63,83.0,1019.0,2.14,144,37,10000,Clouds,scattered clouds,
662,12,2026-06-22 00:16:43+00:00,14.88,14.56,14.88,14.88,82.0,1017.0,2.11,297,45,10000,Clouds,scattered clouds,
663,13,2026-06-22 00:16:44+00:00,20.3,20.03,20.3,20.3,63.0,1015.0,1.59,358,16,10000,Clouds,few clouds,
664,14,2026-06-22 00:16:46+00:00,22.81,22.66,22.81,22.81,58.0,1010.0,0.73,289,75,10000,Clouds,broken clouds,
665,15,2026-06-22 00:16:47+00:00,13.96,12.82,13.96,13.96,54.0,1017.0,1.35,102,38,10000,Clouds,scattered clouds,
666,16,2026-06-22 00:16:49+00:00,22.43,22.06,22.43,22.43,51.0,1009.0,7.93,162,3,10000,Clear,clear sky,
667,17,2026-06-22 00:16:50+00:00,23.55,24.15,23.55,23.55,84.0,1014.0,6.11,214,10,10000,Rain,light rain,
668,18,2026-06-22 00:16:52+00:00,30.84,36.6,30.84,30.84,68.0,1005.0,1.23,39,24,10000,Clouds,few clouds,
669,19,2026-06-22 00:16:54+00:00,17.86,16.62,17.86,17.86,35.0,1013.0,2.59,46,43,10000,Clouds,scattered clouds,
670,20,2026-06-22 00:16:55+00:00,23.75,23.88,23.75,23.75,65.0,1014.0,2.35,219,55,10000,Clouds,broken clouds,
671,21,2026-06-22 00:16:56+00:00,11.48,10.22,11.48,11.48,59.0,1021.0,2.8,124,5,10000,Clear,clear sky,
672,22,2026-06-22 00:16:58+00:00,15.24,15.33,15.24,15.24,96.0,1018.0,1.22,162,60,10000,Clouds,broken clouds,
673,23,2026-06-22 00:16:59+00:00,22.24,22.4,22.24,22.24,72.0,1014.0,1.58,217,43,10000,Clouds,scattered clouds,
674,24,2026-06-22 00:17:01+00:00,18.68,19.19,18.68,18.68,99.0,1016.0,1.12,241,82,10000,Clouds,broken clouds,
675,25,2026-06-22 00:17:02+00:00,22.34,23.19,22.34,22.34,98.0,1015.0,0.77,308,86,10000,Clouds,overcast clouds,
676,26,2026-06-22 00:17:04+00:00,22.06,22.7,22.06,22.06,91.0,1014.0,1.21,8,100,10000,Rain,light rain,
677,27,2026-06-22 00:17:06+00:00,30.06,30.39,30.06,30.06,45.0,1011.0,6.2,200,93,10000,Clouds,overcast clouds,
678,28,2026-06-22 00:17:07+00:00,25.05,25.67,25.05,25.05,79.0,1015.0,5.68,211,91,10000,Clouds,overcast clouds,
679,29,2026-06-22 00:17:09+00:00,24.1,24.99,24.1,24.1,93.0,1015.0,3.49,280,100,6527,Rain,heavy intensity rain,
680,1,2026-06-22 06:28:26+00:00,14.38,14.07,14.38,14.38,84.0,1021.0,0.96,133,99,10000,Clouds,overcast clouds,
681,2,2026-06-22 06:30:01+00:00,27.74,28.69,27.74,27.74,56.0,1019.0,6.88,188,20,10000,Clouds,few clouds,
682,3,2026-06-22 06:28:39+00:00,24.34,24.29,24.34,24.34,56.0,1015.0,3.9,193,86,10000,Clouds,overcast clouds,
683,4,2026-06-22 06:25:49+00:00,24.13,24.53,24.13,24.13,74.0,1020.0,4.06,188,2,10000,Clear,clear sky,
684,9,2026-06-22 06:32:16+00:00,23.89,24.03,23.89,23.89,65.0,1016.0,1.09,110,65,10000,Clouds,broken clouds,
685,10,2026-06-22 06:32:18+00:00,20.29,19.39,20.29,20.29,39.0,1021.0,5.73,109,0,10000,Clear,clear sky,
686,11,2026-06-22 06:32:20+00:00,18.28,17.63,18.28,18.28,56.0,1022.0,3.61,149,18,10000,Clouds,few clouds,
687,12,2026-06-22 06:32:21+00:00,19.36,19.02,19.36,19.36,64.0,1018.0,1.34,180,9,10000,Clear,clear sky,
688,13,2026-06-22 06:32:23+00:00,25.95,25.95,25.95,25.95,46.0,1016.0,0.78,51,61,10000,Clouds,broken clouds,
689,14,2026-06-22 06:32:24+00:00,25.06,25.37,25.06,25.06,67.0,1013.0,2.91,177,77,10000,Clouds,broken clouds,
690,15,2026-06-22 06:32:25+00:00,21.81,20.83,21.81,21.81,30.0,1015.0,6.25,53,3,10000,Clear,clear sky,
691,16,2026-06-22 06:32:26+00:00,31.08,29.35,31.08,31.08,24.0,1010.0,5.27,149,22,10000,Clouds,few clouds,
692,17,2026-06-22 06:32:28+00:00,29.21,30.77,29.21,29.21,56.0,1016.0,8.98,198,75,10000,Clouds,broken clouds,
693,18,2026-06-22 06:32:29+00:00,32.19,35.76,32.19,32.19,54.0,1007.0,0.51,234,100,10000,Clouds,overcast clouds,
694,19,2026-06-22 06:32:31+00:00,24.25,23.17,24.25,24.25,17.0,1013.0,3.08,72,19,10000,Clouds,few clouds,
695,20,2026-06-22 06:32:32+00:00,22.4,22.37,22.4,22.4,64.0,1015.0,2.96,243,6,10000,Clear,clear sky,
696,21,2026-06-22 06:32:33+00:00,16.64,15.48,16.64,16.64,43.0,1022.0,4.6,101,9,10000,Clear,clear sky,
697,22,2026-06-22 06:32:35+00:00,22.59,22.47,22.59,22.59,60.0,1017.0,1.72,141,57,10000,Clouds,broken clouds,
698,23,2026-06-22 06:32:37+00:00,22.6,22.69,22.6,22.6,68.0,1016.0,2.38,237,5,10000,Clear,clear sky,
699,24,2026-06-22 06:32:38+00:00,19.83,20.43,19.83,19.83,98.0,1017.0,0.66,216,100,6281,Clouds,overcast clouds,
700,25,2026-06-22 06:32:40+00:00,22.79,23.66,22.79,22.79,97.0,1016.0,0.73,13,100,10000,Clouds,overcast clouds,
701,26,2026-06-22 06:32:41+00:00,21.01,21.67,21.01,21.01,96.0,1015.0,1.52,330,100,10000,Clouds,overcast clouds,
702,27,2026-06-22 06:32:43+00:00,32.11,31.76,32.11,32.11,36.0,1011.0,5.23,272,100,10000,Clouds,overcast clouds,
703,28,2026-06-22 06:32:45+00:00,24.6,25.18,24.6,24.6,79.0,1016.0,6.29,189,57,10000,Clouds,broken clouds,
704,29,2026-06-22 06:32:46+00:00,24.65,25.42,24.65,24.65,86.0,1015.0,2.44,272,100,10000,Rain,moderate rain,
705,1,2026-06-22 12:50:03+00:00,20.23,19.88,20.23,20.23,60.0,1015.0,2.72,156,100,10000,Clouds,overcast clouds,
706,2,2026-06-22 12:52:40+00:00,26.97,28.04,26.97,26.97,60.0,1015.0,7.92,179,2,10000,Clear,clear sky,
707,3,2026-06-22 12:52:42+00:00,26.05,26.05,26.05,26.05,47.0,1011.0,4.49,180,89,10000,Clouds,overcast clouds,
708,4,2026-06-22 12:52:43+00:00,28.08,28.36,28.08,28.08,48.0,1016.0,4.69,169,6,10000,Clear,clear sky,
709,9,2026-06-22 12:52:45+00:00,25.55,25.62,25.55,25.55,56.0,1011.0,2.26,259,40,10000,Rain,light rain,
710,10,2026-06-22 12:52:46+00:00,25.73,24.99,25.73,25.73,24.0,1015.0,4.08,104,5,10000,Clear,clear sky,
711,11,2026-06-22 12:52:48+00:00,22.86,22.3,22.86,22.86,42.0,1015.0,3.7,121,28,10000,Clouds,scattered clouds,
712,12,2026-06-22 12:52:49+00:00,24.92,24.49,24.92,24.92,39.0,1011.0,2.24,220,95,10000,Clouds,overcast clouds,
713,13,2026-06-22 12:52:51+00:00,28.14,28.17,28.14,28.14,45.0,1012.0,3.8,183,47,10000,Clouds,scattered clouds,
714,14,2026-06-22 12:52:53+00:00,31.56,31.35,31.56,31.56,38.0,1008.0,1.76,181,95,10000,Clouds,overcast clouds,
715,15,2026-06-22 12:52:54+00:00,25.6,24.74,25.6,25.6,20.0,1009.0,7.78,90,81,10000,Clouds,broken clouds,
716,16,2026-06-22 12:52:56+00:00,30.4,29.21,30.4,30.4,31.0,1008.0,5.23,162,100,10000,Clouds,overcast clouds,
717,17,2026-06-22 12:52:57+00:00,25.92,26.53,25.92,25.92,75.0,1013.0,8.34,194,46,10000,Rain,light rain,
718,18,2026-06-22 12:52:59+00:00,34.36,38.84,34.36,34.36,49.0,1003.0,4.6,72,90,10000,Clouds,overcast clouds,
719,19,2026-06-22 12:53:00+00:00,25.42,24.64,25.42,25.42,24.0,1010.0,4.82,48,39,10000,Clouds,scattered clouds,
720,20,2026-06-22 12:53:01+00:00,31.96,32.05,31.96,31.96,39.0,1011.0,2.13,247,86,10000,Clouds,overcast clouds,
721,21,2026-06-22 12:53:03+00:00,25.27,24.45,25.27,25.27,23.0,1015.0,2.82,119,100,10000,Clouds,overcast clouds,
722,22,2026-06-22 12:53:05+00:00,24.23,24.01,24.23,24.23,50.0,1012.0,2.19,198,59,10000,Clouds,broken clouds,
723,23,2026-06-22 12:53:06+00:00,33.22,33.3,33.22,33.22,36.0,1011.0,1.93,236,99,10000,Clouds,overcast clouds,
724,24,2026-06-22 12:49:01+00:00,24.12,24.78,24.12,24.12,84.0,1014.0,1.49,17,100,10000,Rain,light rain,
725,25,2026-06-22 12:53:09+00:00,26.98,29.79,26.98,26.98,81.0,1013.0,2.78,204,92,10000,Rain,moderate rain,
726,26,2026-06-22 12:53:10+00:00,21.83,22.55,21.83,21.83,95.0,1012.0,1.35,253,100,10000,Clouds,overcast clouds,
727,27,2026-06-22 12:53:12+00:00,39.62,38.56,39.62,39.62,19.0,1007.0,3.37,323,100,10000,Clouds,overcast clouds,
728,28,2026-06-22 12:53:13+00:00,26.71,28.11,26.71,26.71,66.0,1014.0,4.32,241,100,10000,Clouds,overcast clouds,
729,29,2026-06-22 12:53:15+00:00,26.18,26.18,26.18,26.18,84.0,1015.0,2.47,251,92,6414,Rain,moderate rain,
730,1,2026-06-22 17:41:34+00:00,17.72,17.32,17.72,17.72,68.0,1018.0,2.18,88,99,10000,Clouds,overcast clouds,
731,2,2026-06-22 17:41:35+00:00,22.53,22.9,22.53,22.53,79.0,1018.0,3.57,172,6,10000,Clear,clear sky,
732,3,2026-06-22 17:41:37+00:00,17.92,17.96,17.92,17.92,84.0,1014.0,1.53,181,86,10000,Clouds,overcast clouds,
733,4,2026-06-22 17:41:38+00:00,20.51,20.81,20.51,20.51,84.0,1018.0,3.07,157,24,10000,Clouds,few clouds,
734,9,2026-06-22 17:41:40+00:00,18.58,18.79,18.58,18.58,88.0,1016.0,1.64,17,70,10000,Rain,light rain,
735,10,2026-06-22 17:41:41+00:00,18.58,17.67,18.58,18.58,45.0,1018.0,5.64,118,26,10000,Clouds,scattered clouds,
736,11,2026-06-22 17:41:43+00:00,16.07,15.51,16.07,16.07,68.0,1019.0,3.49,130,7,10000,Clear,clear sky,
737,12,2026-06-22 17:41:45+00:00,17.72,17.38,17.72,17.72,70.0,1016.0,1.72,304,74,10000,Clouds,broken clouds,
738,13,2026-06-22 17:41:46+00:00,22.64,22.58,22.64,22.64,62.0,1014.0,1.31,78,60,10000,Clouds,broken clouds,
739,14,2026-06-22 17:41:48+00:00,26.75,27.08,26.75,26.75,48.0,1009.0,1.52,115,91,10000,Clouds,overcast clouds,
740,15,2026-06-22 17:41:49+00:00,16.1,14.99,16.1,16.1,47.0,1016.0,2.92,122,89,10000,Clouds,overcast clouds,
741,16,2026-06-22 17:41:51+00:00,24.17,23.9,24.17,24.17,48.0,1009.0,9.83,160,82,10000,Clouds,broken clouds,
742,17,2026-06-22 17:41:52+00:00,24.3,24.87,24.3,24.3,80.0,1016.0,5.74,191,86,10000,Clouds,overcast clouds,
743,18,2026-06-22 17:41:54+00:00,32.38,38.3,32.38,32.38,61.0,1005.0,0.79,132,67,10000,Clouds,broken clouds,
744,19,2026-06-22 17:41:55+00:00,21.9,21.03,21.9,21.9,34.0,1013.0,1.25,268,21,10000,Clouds,few clouds,
745,20,2026-06-22 17:41:56+00:00,28.49,28.53,28.49,28.49,45.0,1011.0,2.9,240,93,10000,Clouds,overcast clouds,
746,21,2026-06-22 17:41:58+00:00,15.93,14.65,15.93,15.93,41.0,1018.0,1.4,100,85,10000,Clouds,overcast clouds,
747,22,2026-06-22 17:39:16+00:00,18.68,18.61,18.68,18.68,77.0,1017.0,0.54,216,83,10000,Clouds,broken clouds,
748,23,2026-06-22 17:42:01+00:00,26.29,26.29,26.29,26.29,56.0,1012.0,1.8,227,86,10000,Clouds,overcast clouds,
749,24,2026-06-22 17:42:03+00:00,20.12,20.69,20.12,20.12,96.0,1015.0,1.03,232,98,10000,Clouds,overcast clouds,
750,25,2026-06-22 17:42:04+00:00,23.58,24.45,23.58,23.58,94.0,1014.0,0.89,201,100,10000,Rain,light rain,
751,26,2026-06-22 17:42:06+00:00,21.2,21.86,21.2,21.2,95.0,1010.0,2.33,252,100,10000,Clouds,overcast clouds,
752,27,2026-06-22 17:42:08+00:00,36.2,35.12,36.2,36.2,24.0,1007.0,1.73,225,68,10000,Clouds,broken clouds,
753,28,2026-06-22 17:42:09+00:00,24.69,25.25,24.69,24.69,78.0,1015.0,5.59,232,100,10000,Clouds,overcast clouds,
754,29,2026-06-22 17:42:11+00:00,25.24,25.99,25.24,25.24,83.0,1015.0,4.69,247,100,10000,Rain,moderate rain,
755,1,2026-06-22 20:54:21+00:00,16.81,16.3,16.81,16.81,67.0,1018.0,3.38,74,95,10000,Clouds,overcast clouds,
756,2,2026-06-22 20:54:23+00:00,23.99,24.48,23.99,23.99,78.0,1017.0,6.0,178,12,10000,Clouds,few clouds,
757,3,2026-06-22 20:54:24+00:00,17.74,17.79,17.74,17.74,85.0,1014.0,0.44,84,51,10000,Clouds,broken clouds,
758,4,2026-06-22 20:54:25+00:00,21.21,21.66,21.21,21.21,87.0,1018.0,2.62,182,39,10000,Clouds,scattered clouds,
759,9,2026-06-22 20:54:26+00:00,18.35,18.51,18.35,18.35,87.0,1016.0,1.65,80,77,10000,Rain,light rain,
760,10,2026-06-22 20:54:27+00:00,15.8,15.0,15.8,15.8,60.0,1019.0,3.54,96,61,10000,Clouds,broken clouds,
761,11,2026-06-22 20:54:28+00:00,13.86,13.42,13.86,13.86,81.0,1020.0,2.7,83,11,10000,Clouds,few clouds,
762,12,2026-06-22 20:54:29+00:00,15.67,15.25,15.67,15.67,75.0,1017.0,0.96,289,17,10000,Clouds,few clouds,
763,13,2026-06-22 20:54:31+00:00,23.62,23.71,23.62,23.62,64.0,1016.0,0.95,187,95,10000,Clouds,overcast clouds,
764,14,2026-06-22 20:54:32+00:00,22.35,22.68,22.35,22.35,78.0,1013.0,2.04,214,92,10000,Rain,light rain,
765,15,2026-06-22 20:54:33+00:00,16.13,15.21,16.13,16.13,54.0,1016.0,1.45,97,54,10000,Clouds,broken clouds,
766,16,2026-06-22 20:54:34+00:00,21.02,20.95,21.02,21.02,68.0,1013.0,7.93,167,22,10000,Clouds,few clouds,
767,17,2026-06-22 20:54:35+00:00,24.98,25.62,24.98,24.98,80.0,1015.0,6.82,196,89,10000,Rain,light rain,
768,18,2026-06-22 20:54:37+00:00,30.89,34.86,30.89,30.89,61.0,1006.0,2.22,120,12,10000,Clouds,few clouds,
769,19,2026-06-22 20:54:38+00:00,19.83,18.91,19.83,19.83,40.0,1014.0,2.08,343,17,10000,Clouds,few clouds,
770,20,2026-06-22 20:54:39+00:00,23.97,23.96,23.97,23.97,59.0,1014.0,1.74,232,100,10000,Clouds,overcast clouds,
771,21,2026-06-22 20:54:40+00:00,12.41,11.06,12.41,12.41,52.0,1020.0,0.79,111,6,10000,Clear,clear sky,
772,22,2026-06-22 20:54:41+00:00,17.57,17.55,17.57,17.57,83.0,1018.0,1.17,149,78,10000,Rain,light rain,
773,23,2026-06-22 20:54:42+00:00,26.5,26.5,26.5,26.5,52.0,1014.0,1.69,254,100,10000,Clouds,overcast clouds,
774,24,2026-06-22 20:54:44+00:00,18.67,19.18,18.67,18.67,99.0,1017.0,1.48,252,23,10000,Clouds,few clouds,
775,25,2026-06-22 20:54:45+00:00,23.52,24.38,23.52,23.52,94.0,1016.0,1.77,227,100,10000,Rain,light rain,
776,26,2026-06-22 20:54:46+00:00,20.79,21.35,20.79,20.79,93.0,1014.0,0.87,82,99,10000,Clouds,overcast clouds,
777,27,2026-06-22 20:54:47+00:00,31.86,32.44,31.86,31.86,42.0,1010.0,7.09,202,28,10000,Clouds,scattered clouds,
778,28,2026-06-22 20:54:48+00:00,23.75,24.3,23.75,23.75,81.0,1017.0,3.09,240,90,10000,Clouds,overcast clouds,
779,29,2026-06-22 20:54:49+00:00,25.18,26.03,25.18,25.18,87.0,1017.0,3.4,238,100,10000,Clouds,overcast clouds,
780,1,2026-06-22 22:49:15+00:00,14.78,14.22,14.78,14.78,73.0,1018.0,2.71,73,87,10000,Clouds,overcast clouds,
781,2,2026-06-22 22:49:16+00:00,23.56,24.03,23.56,23.56,79.0,1016.0,5.84,181,11,10000,Clouds,few clouds,
782,3,2026-06-22 22:49:17+00:00,18.28,18.3,18.28,18.28,82.0,1013.0,1.19,81,56,10000,Clouds,broken clouds,
783,4,2026-06-22 22:49:18+00:00,20.78,21.29,20.78,20.78,91.0,1017.0,2.79,184,27,10000,Clouds,scattered clouds,
784,9,2026-06-22 22:49:19+00:00,18.37,18.51,18.37,18.37,86.0,1015.0,1.88,74,78,10000,Clouds,broken clouds,
785,10,2026-06-22 22:49:21+00:00,14.65,13.92,14.65,14.65,67.0,1018.0,2.81,89,45,10000,Clouds,scattered clouds,
786,11,2026-06-22 22:49:22+00:00,13.03,12.71,13.03,13.03,89.0,1020.0,2.44,76,24,10000,Clouds,few clouds,
787,12,2026-06-22 22:49:23+00:00,14.94,14.53,14.94,14.94,78.0,1017.0,1.14,285,19,10000,Clouds,few clouds,
788,13,2026-06-22 22:49:24+00:00,22.44,22.49,22.44,22.44,67.0,1016.0,0.65,120,88,10000,Clouds,overcast clouds,
789,14,2026-06-22 22:49:21+00:00,20.7,21.15,20.7,20.7,89.0,1012.0,1.62,219,93,10000,Clouds,overcast clouds,
790,15,2026-06-22 22:49:26+00:00,15.07,14.25,15.07,15.07,62.0,1015.0,0.91,129,67,10000,Clouds,broken clouds,
791,16,2026-06-22 22:49:27+00:00,20.81,20.62,20.81,20.81,64.0,1012.0,8.45,163,16,10000,Clouds,few clouds,
792,17,2026-06-22 22:49:29+00:00,24.63,25.26,24.63,24.63,81.0,1014.0,6.34,202,88,10000,Rain,light rain,
793,18,2026-06-22 22:49:30+00:00,30.52,34.08,30.52,30.52,61.0,1004.0,0.61,266,10,10000,Clear,clear sky,
794,19,2026-06-22 22:49:31+00:00,18.64,17.68,18.64,18.64,43.0,1013.0,1.45,292,11,10000,Clouds,few clouds,
795,20,2026-06-22 22:44:42+00:00,23.09,23.07,23.09,23.09,62.0,1014.0,2.03,254,100,10000,Clouds,overcast clouds,
796,21,2026-06-22 22:49:33+00:00,11.2,9.86,11.2,11.2,57.0,1021.0,1.77,150,7,10000,Clear,clear sky,
797,22,2026-06-22 22:49:34+00:00,17.16,17.15,17.16,17.16,85.0,1017.0,1.09,128,79,10000,Clouds,broken clouds,
798,23,2026-06-22 22:49:35+00:00,25.34,25.39,25.34,25.34,56.0,1014.0,2.6,275,100,10000,Clouds,overcast clouds,
799,24,2026-06-22 22:49:37+00:00,18.64,19.17,18.64,18.64,100.0,1016.0,1.65,258,31,3406,Clouds,scattered clouds,
800,25,2026-06-22 22:49:38+00:00,23.0,23.86,23.0,23.0,96.0,1016.0,1.03,190,88,10000,Rain,light rain,
801,26,2026-06-22 22:44:42+00:00,20.26,20.77,20.26,20.26,93.0,1014.0,0.74,179,99,10000,Clouds,overcast clouds,
802,27,2026-06-22 22:49:40+00:00,30.3,30.86,30.3,30.3,46.0,1010.0,6.87,214,28,10000,Clouds,scattered clouds,
803,28,2026-06-22 22:49:41+00:00,23.44,23.98,23.44,23.44,82.0,1016.0,2.95,225,75,10000,Clouds,broken clouds,
804,29,2026-06-22 22:49:42+00:00,24.72,25.52,24.72,24.72,87.0,1016.0,3.67,234,83,10000,Rain,light rain,
805,1,2026-06-23 00:12:36+00:00,14.05,13.5,14.05,14.05,76.0,1018.0,1.75,97,89,10000,Clouds,overcast clouds,
806,2,2026-06-23 00:12:38+00:00,23.39,23.9,23.39,23.39,81.0,1016.0,5.74,188,5,10000,Clear,clear sky,
807,3,2026-06-23 00:12:40+00:00,19.95,19.96,19.95,19.95,75.0,1013.0,1.1,175,58,10000,Clouds,broken clouds,
808,4,2026-06-23 00:12:41+00:00,20.65,21.15,20.65,20.65,91.0,1017.0,2.82,183,47,10000,Clouds,scattered clouds,
809,9,2026-06-23 00:12:43+00:00,18.47,18.59,18.47,18.47,85.0,1014.0,2.18,84,78,10000,Clouds,broken clouds,
810,10,2026-06-23 00:12:44+00:00,14.42,13.77,14.42,14.42,71.0,1018.0,2.74,91,38,10000,Clouds,scattered clouds,
811,11,2026-06-23 00:12:46+00:00,12.8,12.49,12.8,12.8,90.0,1019.0,1.87,76,28,10000,Clouds,scattered clouds,
812,12,2026-06-23 00:12:48+00:00,13.97,13.54,13.97,13.97,81.0,1017.0,1.24,298,13,10000,Clouds,few clouds,
813,13,2026-06-23 00:12:49+00:00,22.51,22.62,22.51,22.51,69.0,1016.0,0.59,159,96,10000,Clouds,overcast clouds,
814,14,2026-06-23 00:12:51+00:00,20.57,21.06,20.57,20.57,91.0,1013.0,1.81,229,96,10000,Clouds,overcast clouds,
815,15,2026-06-23 00:12:52+00:00,14.53,13.76,14.53,14.53,66.0,1016.0,0.59,87,51,10000,Clouds,broken clouds,
816,16,2026-06-23 00:12:54+00:00,20.85,20.64,20.85,20.85,63.0,1012.0,7.99,166,8,10000,Clear,clear sky,
817,17,2026-06-23 00:12:56+00:00,24.49,25.11,24.49,24.49,81.0,1014.0,6.31,201,85,10000,Rain,light rain,
818,18,2026-06-23 00:12:57+00:00,30.79,34.17,30.79,30.79,59.0,1004.0,1.44,340,10,10000,Clear,clear sky,
819,19,2026-06-23 00:12:59+00:00,18.49,17.52,18.49,18.49,43.0,1013.0,1.88,289,9,10000,Clear,clear sky,
820,20,2026-06-23 00:13:00+00:00,23.58,23.53,23.58,23.58,59.0,1014.0,2.22,234,100,10000,Clouds,overcast clouds,
821,21,2026-06-23 00:13:02+00:00,10.38,9.12,10.38,10.38,63.0,1021.0,2.13,147,17,10000,Clouds,few clouds,
822,22,2026-06-23 00:03:55+00:00,16.8,16.78,16.8,16.8,86.0,1017.0,0.99,123,74,10000,Rain,light rain,
823,23,2026-06-23 00:13:04+00:00,25.02,25.04,25.02,25.02,56.0,1014.0,2.23,252,99,10000,Clouds,overcast clouds,
824,24,2026-06-23 00:13:06+00:00,18.55,19.07,18.55,18.55,100.0,1016.0,1.87,259,42,1320,Clouds,scattered clouds,
825,25,2026-06-23 00:13:07+00:00,22.75,23.59,22.75,22.75,96.0,1015.0,0.67,185,58,10000,Rain,light rain,
826,26,2026-06-23 00:13:09+00:00,20.09,20.53,20.09,20.09,91.0,1014.0,0.32,226,99,10000,Clouds,overcast clouds,
827,27,2026-06-23 00:13:10+00:00,29.53,30.24,29.53,29.53,49.0,1010.0,5.69,214,45,10000,Clouds,scattered clouds,
828,28,2026-06-23 00:13:12+00:00,23.23,23.78,23.23,23.23,83.0,1016.0,2.55,214,40,10000,Clouds,scattered clouds,
829,29,2026-06-23 00:13:14+00:00,24.67,25.46,24.67,24.67,87.0,1016.0,3.46,233,57,10000,Rain,light rain,
830,1,2026-06-23 05:02:21+00:00,14.55,14.02,14.55,14.55,75.0,1021.0,1.26,79,33,10000,Clouds,scattered clouds,
831,2,2026-06-23 05:06:14+00:00,24.4,24.91,24.4,24.4,77.0,1019.0,6.17,197,44,10000,Rain,light rain,
832,3,2026-06-23 05:06:15+00:00,18.31,18.55,18.31,18.31,90.0,1016.0,1.48,233,94,10000,Clouds,overcast clouds,
833,4,2026-06-23 05:06:17+00:00,22.17,22.64,22.17,22.17,84.0,1019.0,3.02,193,19,10000,Clouds,few clouds,
834,9,2026-06-23 05:06:18+00:00,19.38,19.49,19.38,19.38,81.0,1016.0,1.79,72,66,10000,Clouds,broken clouds,
835,10,2026-06-23 05:06:20+00:00,15.62,15.04,15.62,15.62,69.0,1021.0,3.51,89,18,10000,Clouds,few clouds,
836,11,2026-06-23 05:06:21+00:00,14.88,14.46,14.88,14.88,78.0,1022.0,2.08,101,56,10000,Clouds,broken clouds,
837,12,2026-06-23 05:06:23+00:00,17.14,16.66,17.14,17.14,67.0,1019.0,0.89,320,25,10000,Clouds,scattered clouds,
838,13,2026-06-23 05:06:24+00:00,22.64,22.71,22.64,22.64,67.0,1017.0,0.69,353,96,10000,Clouds,overcast clouds,
839,14,2026-06-23 05:00:15+00:00,21.8,22.39,21.8,21.8,90.0,1015.0,2.31,177,36,10000,Rain,light rain,
840,15,2026-06-23 05:06:27+00:00,16.05,15.38,16.05,16.05,64.0,1018.0,2.15,173,37,10000,Clouds,scattered clouds,
841,16,2026-06-23 05:06:29+00:00,24.21,23.91,24.21,24.21,47.0,1013.0,7.23,169,42,10000,Clouds,scattered clouds,
842,17,2026-06-23 05:06:30+00:00,25.88,26.46,25.88,25.88,74.0,1016.0,6.05,208,73,10000,Clouds,broken clouds,
843,18,2026-06-23 05:00:12+00:00,32.18,35.74,32.18,32.18,54.0,1007.0,1.01,325,37,10000,Clouds,scattered clouds,
844,19,2026-06-23 05:06:33+00:00,21.22,20.23,21.22,21.22,32.0,1014.0,0.58,322,14,10000,Clouds,few clouds,
845,20,2026-06-23 05:06:34+00:00,20.49,20.45,20.49,20.49,71.0,1016.0,1.18,246,89,10000,Clouds,overcast clouds,
846,21,2026-06-23 05:06:35+00:00,9.16,8.57,9.16,9.16,76.0,1022.0,1.62,121,4,10000,Clear,clear sky,
847,22,2026-06-23 05:06:37+00:00,17.16,17.1,17.16,17.16,83.0,1018.0,0.97,64,75,10000,Clouds,broken clouds,
848,23,2026-06-23 05:06:39+00:00,21.81,21.8,21.81,21.81,67.0,1015.0,1.92,252,99,10000,Clouds,overcast clouds,
849,24,2026-06-23 05:06:40+00:00,18.71,19.2,18.71,18.71,98.0,1016.0,1.2,249,98,4776,Clouds,overcast clouds,
850,25,2026-06-23 05:06:42+00:00,22.9,23.73,22.9,22.9,95.0,1014.0,0.09,266,86,10000,Rain,light rain,
851,26,2026-06-23 05:06:43+00:00,19.08,19.5,19.08,19.08,94.0,1016.0,1.1,41,92,10000,Clouds,overcast clouds,
852,27,2026-06-23 05:06:45+00:00,27.69,28.72,27.69,27.69,57.0,1010.0,2.76,225,65,10000,Clouds,broken clouds,
853,28,2026-06-23 05:06:46+00:00,22.14,22.63,22.14,22.14,85.0,1015.0,2.5,177,21,10000,Clouds,few clouds,
854,29,2026-06-23 05:06:48+00:00,24.75,25.5,24.75,24.75,85.0,1015.0,2.77,214,61,10000,Clouds,broken clouds,
855,1,2026-06-23 09:40:21+00:00,21.52,21.09,21.52,21.52,52.0,1017.0,3.04,155,91,10000,Clouds,overcast clouds,
856,2,2026-06-23 09:51:31+00:00,27.27,28.77,27.27,27.27,64.0,1017.0,7.37,180,66,10000,Clouds,broken clouds,
857,3,2026-06-23 09:51:33+00:00,26.59,26.59,26.59,26.59,45.0,1014.0,4.63,182,46,10000,Clouds,scattered clouds,
858,4,2026-06-23 09:51:35+00:00,29.33,30.1,29.33,29.33,50.0,1017.0,4.41,157,13,10000,Clouds,few clouds,
859,9,2026-06-23 09:51:36+00:00,24.84,24.95,24.84,24.84,60.0,1014.0,2.12,263,68,10000,Clouds,broken clouds,
860,10,2026-06-23 09:51:38+00:00,25.6,25.1,25.6,25.6,34.0,1017.0,3.46,100,5,10000,Clear,clear sky,
861,11,2026-06-23 09:51:39+00:00,21.87,21.5,21.87,21.87,53.0,1019.0,3.7,115,74,10000,Clouds,broken clouds,
862,12,2026-06-23 09:51:41+00:00,23.25,22.7,23.25,23.25,41.0,1016.0,2.68,170,69,10000,Clouds,broken clouds,
863,13,2026-06-23 09:51:42+00:00,27.29,28.21,27.29,27.29,57.0,1016.0,3.11,187,49,10000,Rain,light rain,
864,14,2026-06-23 09:51:44+00:00,28.22,29.66,28.22,28.22,59.0,1014.0,3.43,218,88,10000,Rain,light rain,
865,15,2026-06-23 09:51:45+00:00,22.92,22.13,22.92,22.92,33.0,1013.0,3.97,95,49,10000,Clouds,scattered clouds,
866,16,2026-06-23 09:51:47+00:00,33.0,31.18,33.0,33.0,23.0,1010.0,2.01,63,27,10000,Clouds,scattered clouds,
867,17,2026-06-23 09:51:49+00:00,27.02,28.89,27.02,27.02,70.0,1015.0,8.82,209,58,10000,Clouds,broken clouds,
868,18,2026-06-23 09:51:50+00:00,35.65,39.49,35.65,35.65,43.0,1004.0,2.94,25,22,10000,Clouds,few clouds,
869,19,2026-06-23 09:51:52+00:00,25.63,24.85,25.63,25.63,23.0,1012.0,3.88,44,73,10000,Clouds,broken clouds,
870,20,2026-06-23 09:51:53+00:00,24.76,24.75,24.76,24.76,56.0,1016.0,2.04,235,99,10000,Clouds,overcast clouds,
871,21,2026-06-23 09:51:22+00:00,23.92,23.18,23.92,23.92,31.0,1019.0,2.24,102,1,10000,Clear,clear sky,
872,22,2026-06-23 09:51:55+00:00,22.14,22.05,22.14,22.14,63.0,1017.0,1.46,215,100,10000,Rain,light rain,
873,23,2026-06-23 09:51:57+00:00,27.1,27.51,27.1,27.1,50.0,1016.0,2.46,234,99,10000,Clouds,overcast clouds,
874,24,2026-06-23 09:51:58+00:00,23.06,23.43,23.06,23.06,77.0,1016.0,1.36,256,100,10000,Clouds,overcast clouds,
875,25,2026-06-23 09:52:00+00:00,27.73,31.03,27.73,27.73,77.0,1015.0,1.16,187,66,9116,Rain,moderate rain,
876,26,2026-06-23 09:52:01+00:00,29.86,31.0,29.86,29.86,51.0,1015.0,1.74,170,93,10000,Clouds,overcast clouds,
877,27,2026-06-23 09:52:03+00:00,35.6,36.29,35.6,35.6,33.0,1011.0,3.68,279,79,10000,Clouds,broken clouds,
878,28,2026-06-23 09:52:05+00:00,26.66,26.66,26.66,26.66,62.0,1016.0,2.92,206,2,10000,Clear,clear sky,
879,29,2026-06-23 09:52:06+00:00,26.73,29.15,26.73,26.73,80.0,1016.0,1.12,268,84,10000,Rain,light rain,
880,1,2026-06-23 12:37:10+00:00,19.29,18.92,19.29,19.29,63.0,1016.0,2.23,105,100,10000,Clouds,overcast clouds,
881,2,2026-06-23 12:37:11+00:00,26.56,26.56,26.56,26.56,67.0,1016.0,6.67,171,41,10000,Clouds,scattered clouds,
882,3,2026-06-23 12:37:12+00:00,25.87,25.71,25.87,25.87,46.0,1013.0,3.91,179,67,10000,Clouds,broken clouds,
883,4,2026-06-23 12:37:13+00:00,27.69,28.62,27.69,27.69,56.0,1016.0,5.87,155,37,10000,Clouds,scattered clouds,
884,9,2026-06-23 12:37:15+00:00,24.82,25.03,24.82,24.82,64.0,1012.0,3.63,269,27,10000,Rain,light rain,
885,10,2026-06-23 12:37:16+00:00,27.03,26.52,27.03,27.03,32.0,1014.0,3.04,105,0,10000,Clear,clear sky,
886,11,2026-06-23 12:37:17+00:00,20.98,20.65,20.98,20.98,58.0,1017.0,2.78,119,43,10000,Clouds,scattered clouds,
887,12,2026-06-23 12:37:18+00:00,24.92,24.49,24.92,24.92,39.0,1012.0,2.19,213,67,10000,Clouds,broken clouds,
888,13,2026-06-23 12:37:19+00:00,27.26,27.95,27.26,27.26,54.0,1014.0,3.9,189,98,10000,Rain,light rain,
889,14,2026-06-23 12:37:20+00:00,25.21,25.85,25.21,25.21,79.0,1012.0,1.74,232,98,10000,Rain,moderate rain,
890,15,2026-06-23 12:37:21+00:00,23.3,22.42,23.3,23.3,28.0,1011.0,2.51,59,97,10000,Clouds,overcast clouds,
891,16,2026-06-23 12:37:23+00:00,31.4,29.88,31.4,31.4,27.0,1008.0,2.42,97,81,10000,Clouds,broken clouds,
892,17,2026-06-23 12:37:24+00:00,26.05,26.05,26.05,26.05,75.0,1014.0,8.02,189,100,10000,Rain,light rain,
893,18,2026-06-23 12:37:25+00:00,34.42,41.42,34.42,34.42,57.0,1002.0,6.24,57,100,10000,Clouds,overcast clouds,
894,19,2026-06-23 12:37:26+00:00,24.53,23.87,24.53,24.53,32.0,1011.0,4.73,22,67,10000,Clouds,broken clouds,
895,20,2026-06-23 12:37:27+00:00,29.29,29.32,29.29,29.29,44.0,1012.0,2.77,238,77,10000,Clouds,broken clouds,
896,21,2026-06-23 12:37:28+00:00,25.42,24.67,25.42,25.42,25.0,1015.0,2.0,127,6,10000,Clear,clear sky,
897,22,2026-06-23 12:37:29+00:00,21.3,21.29,21.3,21.3,69.0,1015.0,0.31,129,100,10000,Rain,light rain,
898,23,2026-06-23 12:37:31+00:00,31.46,31.37,31.46,31.46,39.0,1012.0,2.89,212,16,10000,Clouds,few clouds,
899,24,2026-06-23 12:37:32+00:00,25.03,25.68,25.03,25.03,80.0,1013.0,1.04,250,66,10000,Rain,light rain,
900,25,2026-06-23 12:37:33+00:00,28.28,31.83,28.28,28.28,74.0,1013.0,2.7,204,38,10000,Rain,light rain,
901,26,2026-06-23 12:37:34+00:00,30.07,31.48,30.07,30.07,52.0,1012.0,1.2,96,86,10000,Clouds,overcast clouds,
902,27,2026-06-23 12:37:35+00:00,38.61,38.54,38.61,38.61,24.0,1008.0,3.67,304,27,10000,Clouds,scattered clouds,
903,28,2026-06-23 12:37:36+00:00,27.07,28.32,27.07,27.07,62.0,1013.0,3.76,258,0,10000,Clear,clear sky,
904,29,2026-06-23 12:37:37+00:00,26.36,26.36,26.36,26.36,84.0,1014.0,1.65,232,69,10000,Rain,light rain,
